"Latest: Wavelength (nm)","Latest: Intensity (rel)","Run 2: Wavelength (nm)","Run 2: Intensity (rel)","Run 3: Wavelength (nm)","Run 3: Intensity (rel)","Run 4: Wavelength (nm)","Run 4: Intensity (rel)","Run 5: Wavelength (nm)","Run 5: Intensity (rel)"
350.1,0.0350713359274,350.1,0.0156688792248,350.1,0.0133989471275,350.1,0.0135988403143,350.1,0.020997940032
350.8,0.0331334401465,350.8,0.0158481727321,350.8,0.0158709086748,350.8,0.0146364538033,350.8,0.0113694972152
351.4,0.049597924773,351.4,0.0150623331044,351.4,0.0157335774777,351.4,0.0215030136568,351.4,0.0285511558709
352.1,0.0408697642481,352.1,0.0153362325475,352.1,0.0141771572442,352.1,0.0215335317006,352.1,0.0219897764553
352.7,0.0518410009918,352.7,0.0160221255818,352.7,0.0216388189517,352.7,0.0227542534524,352.7,0.0358907454032
353.3,0.0652079041733,353.3,0.0151477836271,353.3,0.021593041886,353.3,0.0319859616999,353.3,0.0391866941329
354,0.0371770809491,354,0.0153034256504,354,0.0149095902953,354,0.00938735027085,354,0.00810406652934
354.6,0.0408087281605,354.6,0.0151508354314,354.6,0.0169695582513,354.6,0.0194277866789,354.6,0.0231494621195
355.3,0.0413580529488,355.3,0.01501045243,355.3,0.015092698558,355.3,0.0197329671168,355.3,0.0271015487907
355.9,0.0555336842908,355.9,0.0159794003204,355.9,0.018495460441,355.9,0.030185397116,355.9,0.0374776836805
356.6,0.0508186465248,356.6,0.0151515983825,356.6,0.0171221484703,356.6,0.0250583657588,356.6,0.0283680476081
357.2,0.0543434805829,357.2,0.0155063706416,357.2,0.015977721828,357.2,0.0209842069123,357.2,0.0271015487907
357.9,0.0654367895018,357.9,0.0158863202869,357.9,0.0156420233463,357.9,0.0245242999924,357.9,0.029130998703
358.5,0.0571053635462,358.5,0.0155750362402,358.5,0.0165575646601,358.5,0.022357518883,358.5,0.0330373083085
359.2,0.0461646448463,359.2,0.0158908979934,359.2,0.0165270466163,359.2,0.0231815060655,359.2,0.0323201342794
359.8,0.0289829861906,359.8,0.0155712214847,359.8,0.0166796368353,359.8,0.0188326848249,359.8,0.019670405127
360.5,0.0331944762341,360.5,0.0156925307088,360.5,0.016572823682,360.5,0.0155519951171,360.5,0.0186785687037
361.1,0.0275791561761,361.1,0.015485008011,361.1,0.0185870145724,361.1,0.0123628595407,361.1,0.0138872358282
361.8,0.040289921416,361.8,0.0154651712825,361.8,0.0143297474632,361.8,0.0197482261387,361.8,0.0257740138857
362.4,0.0461188677806,362.4,0.0155284962234,362.4,0.0167559319448,362.4,0.0217166399634,362.4,0.0284901197833
363,0.0396185244526,363,0.0156742198825,363,0.0152758068208,363,0.0247684443427,363,0.0277271686885
363.7,0.0320042725261,363.7,0.015951934081,363.7,0.017305256733,363.7,0.0184969863432,363.7,0.0224475471122
364.3,0.0456000610361,364.3,0.0155376516365,364.3,0.0194262607767,364.3,0.0252109559777,364.3,0.0307942320897
365,0.0416937514305,365,0.0153278400855,365,0.0162523842222,365,0.0268284122988,365,0.0269489585718
365.6,0.0452796215763,365.6,0.0154216830701,365.6,0.015977721828,365.6,0.0220523384451,365.6,0.0349904631113
366.3,0.0452948805982,366.3,0.015806973373,366.3,0.0184191653315,366.3,0.0248905165179,366.3,0.0308247501335
366.9,0.0372991531243,366.9,0.0153598840314,366.9,0.0142229343099,366.9,0.020587472343,366.9,0.0213488975357
367.6,0.0424261844816,367.6,0.0152912184329,367.6,0.0189074540322,367.6,0.023990234226,367.6,0.0278797589075
368.2,0.0353917753872,368.2,0.0152607003891,368.2,0.015092698558,368.2,0.0182833600366,368.2,0.0204180972
368.9,0.0304173342489,368.9,0.0156604867628,368.9,0.0141466392004,368.9,0.00998245212482,368.9,0.0164660105287
369.5,0.0290135042344,369.5,0.01542854963,369.5,0.0162218661784,369.5,0.0138735027085,369.5,0.0126970321202
370.2,0.0460883497368,370.2,0.0155803768978,370.2,0.0178240634775,370.2,0.0230899519341,370.2,0.0320302128634
370.8,0.0400915541314,370.8,0.0148708323796,370.8,0.0153063248646,370.8,0.0157351033799,370.8,0.0162981612879
371.4,0.0441046768902,371.4,0.0156452277409,371.4,0.0188616769665,371.4,0.0235019455253,371.4,0.0285664148928
372.1,0.0336369878691,372.1,0.0157871366445,372.1,0.0144365606165,372.1,0.0147890440223,372.1,0.0167711909667
372.7,0.046652933547,372.7,0.0154903486687,372.7,0.0199298084993,372.7,0.0274540321965,372.7,0.0312977798123
373.4,0.036017395285,373.4,0.0154079499504,373.4,0.0164354924849,373.4,0.01364461738,373.4,0.0184649423972
374,0.0508949416342,374,0.0157611963073,374,0.0185107194629,374,0.0264469367514,374,0.0358602273594
374.7,0.0618356603342,374.7,0.0156528572519,374.7,0.017900358587,374.7,0.0304753185321,374.7,0.0400717174029
375.3,0.0487586785687,375.3,0.015855039292,375.3,0.0185870145724,375.3,0.0192904554818,375.3,0.0238971541924
376,0.032904554818,376,0.0156520943008,376,0.0155504692149,376,0.0113252460517,376,0.0163439383536
376.6,0.04354009308,376.6,0.015839017319,376.6,0.017747768368,376.6,0.0273167009995,376.6,0.0322743572137
377.3,0.0375127794308,377.3,0.0157611963073,377.3,0.0144060425727,377.3,0.0156588082704,377.3,0.0224628061341
377.9,0.0289524681468,377.9,0.0158176546883,377.9,0.0161760891127,377.9,0.0146669718471,377.9,0.0127885862516
378.6,0.0376501106279,378.6,0.0159824521248,378.6,0.0177172503243,378.6,0.0200686655985,378.6,0.0235614557107
379.2,0.0451422903792,379.2,0.0161258869306,379.2,0.0172899977111,379.2,0.0204196231022,379.2,0.0291462577249
379.9,0.0581582360571,379.9,0.0157016861219,379.9,0.0165270466163,379.9,0.0240207522698,379.9,0.0353871976806
380.5,0.0586770428016,380.5,0.0158496986343,380.5,0.0147875181201,380.5,0.023395132372,380.5,0.0330678263523
381.1,0.0454322117952,381.1,0.0155300221256,381.1,0.0179766536965,381.1,0.0217471580072,381.1,0.02749828336
381.8,0.0292729076066,381.8,0.0155033188373,381.8,0.0171984435798,381.8,0.0181460288396,381.8,0.0154894331273
382.4,0.064521248188,382.4,0.0163128099489,382.4,0.0182665751125,382.4,0.030185397116,382.4,0.0478995956359
383.1,0.0387487602045,383.1,0.0162105745022,383.1,0.0147875181201,383.1,0.0165438315404,383.1,0.018052948806
383.7,0.0405798428321,383.7,0.0153453879606,383.7,0.0169390402075,383.7,0.0181918059052,383.7,0.0186785687037
384.4,0.0437537193866,384.4,0.0154888227665,384.4,0.0181902800031,384.4,0.0222964827955,384.4,0.0295277332723
385,0.0441504539559,385,0.0152828259709,385,0.0160692759594,385,0.0216708628977,385,0.0262775616083
385.7,0.0338963912413,385.7,0.0151973754482,385.7,0.0152605477989,385.7,0.0160708018616,385.7,0.0168780041199
386.3,0.029074540322,386.3,0.0150501258869,386.3,0.0160387579156,386.3,0.0110811017014,386.3,0.0102861066606
387,0.0376043335622,387,0.0151424429694,387,0.0154741741054,387,0.0179018844892,387,0.0219439993896
387.6,0.0610421911955,387.6,0.0161617456321,387.6,0.0181139848936,387.6,0.0241123064012,387.6,0.0361043717098
388.3,0.0708537422751,388.3,0.0159794003204,388.3,0.0176256961929,388.3,0.0246768902113,388.3,0.032976272221
388.9,0.0940474555581,388.9,0.0160228885328,388.9,0.0194262607767,388.9,0.0293461509117,388.9,0.0479758907454
389.6,0.0446845197223,389.6,0.0159305714504,389.6,0.0174273289082,389.6,0.0236392767224,389.6,0.030611123827
390.2,0.0338048371099,390.2,0.0154842450599,390.2,0.0159929808499,390.2,0.0179018844892,390.2,0.0187090867475
390.8,0.0379095140002,390.8,0.0153194476234,390.8,0.0179613946746,390.8,0.0211673151751,390.8,0.02484321355
391.5,0.0398168917372,391.5,0.0152950331884,391.5,0.0167711909667,391.5,0.0193667505913,391.5,0.0289173723964
392.1,0.0361089494163,392.1,0.0155086594949,392.1,0.0153521019303,392.1,0.0163607232776,392.1,0.0187396047913
392.8,0.0426855878538,392.8,0.0155963988708,392.8,0.015535210193,392.8,0.0214572365911,392.8,0.0243244068055
393.4,0.031439688716,393.4,0.0153842984665,393.4,0.0156572823682,393.4,0.0168337529564,393.4,0.0149706263828
394.1,0.0414038300145,394.1,0.0156368352789,394.1,0.0153063248646,394.1,0.017047379263,394.1,0.0240344853895
394.7,0.0476142519265,394.7,0.0153408102541,394.7,0.0166033417258,394.7,0.0203738460365,394.7,0.0282612344549
395.4,0.051673151751,395.4,0.0156040283818,395.4,0.020112916762,395.4,0.026797894255,395.4,0.0316182192721
396,0.108055237659,396,0.0158558022431,396,0.0190753032731,396,0.0299107347219,396,0.03932402533
396.7,0.214364843214,396.7,0.0163776607919,396.7,0.0175951781491,396.7,0.0361211566339,396.7,0.0754726482033
397.3,0.0786205844205,397.3,0.0164325932708,397.3,0.0203418020905,397.3,0.0328404669261,397.3,0.0464194705119
398,0.0446387426566,398,0.0157146562905,398,0.0158861676967,398,0.0226016632334,398,0.0302601663233
398.6,0.0537636377508,398.6,0.0152690928511,398.6,0.0177325093462,398.6,0.0216861219196,398.6,0.0299549858854
399.3,0.0324315251392,399.3,0.0160106813153,399.3,0.0156572823682,399.3,0.0150179293507,399.3,0.0146654459449
399.9,0.0330876630808,399.9,0.0154026092927,399.9,0.015840390631,399.9,0.0143770504311,399.9,0.0181139848936
400.5,0.0437232013428,400.5,0.0161739528496,400.5,0.0178850995651,400.5,0.0229983978027,400.5,0.0327168688487
401.2,0.0378789959564,401.2,0.0154682230869,401.2,0.0176714732586,401.2,0.0186495765621,401.2,0.0222186617838
401.8,0.02551918822,401.8,0.0150959029526,401.8,0.0118730449378,401.8,0.0112489509422,401.8,0.00991989013504
402.5,0.0518410009918,402.5,0.0159900816358,402.5,0.0166033417258,402.5,0.0323369192035,402.5,0.0409567406729
403.1,0.0444556343938,403.1,0.015678034638,403.1,0.0153673609522,403.1,0.0225406271458,403.1,0.0300923170825
403.8,0.0343389028763,403.8,0.0158962386511,403.8,0.0158251316091,403.8,0.0178866254673,403.8,0.0211657892729
404.4,0.0257175555047,404.4,0.0152820630198,404.4,0.017305256733,404.4,0.0159639887083,404.4,0.0157183184558
405.1,0.0422735942626,405.1,0.0153904020752,405.1,0.0179156176089,405.1,0.0243869687953,405.1,0.0270405127031
405.7,0.0350560769055,405.7,0.0154743266957,405.7,0.0175036240177,405.7,0.0220981155108,405.7,0.0224322880903
406.4,0.033942168307,406.4,0.0149822232395,406.4,0.0157488364996,406.4,0.0173678187228,406.4,0.0216693369955
407,0.0343389028763,407,0.015179064622,407,0.0124528877699,407,0.0155062180514,407,0.0176562142367
407.7,0.0448828870069,407.7,0.0155368886854,407.7,0.0148332951858,407.7,0.0208468757153,407.7,0.0248126955062
408.3,0.0986251621271,408.3,0.0159244678416,408.3,0.017747768368,408.3,0.024142824445,408.3,0.0374776836805
409,0.368786144808,409,0.016748455024,409,0.0195178149081,409,0.0556527046616,409,0.136447699702
409.6,0.751589227131,409.6,0.0170841535058,409.6,0.0265217059586,409.6,0.113926909285,409.6,0.288091859312
410.2,0.0851667048142,410.2,0.0155407034409,410.2,0.0135667963684,410.2,0.0163912413214,410.2,0.0252399481193
410.9,0.0420141908904,410.9,0.0152431525139,410.9,0.0173662928206,410.9,0.0195193408103,410.9,0.0236377508202
411.5,0.0282352941176,411.5,0.0155117112993,411.5,0.016725413901,411.5,0.0181765468833,411.5,0.0164965285725
412.2,0.0391607537957,412.2,0.0158504615854,412.2,0.0175341420615,412.2,0.0221286335546,412.2,0.024690623331
412.8,0.0268925001907,412.8,0.0150356298161,412.8,0.0132921339742,412.8,0.0148653391318,412.8,0.0161150530251
413.5,0.026266880293,413.5,0.0149089799344,413.5,0.0154436560616,413.5,0.0171389333944,413.5,0.0208758678569
414.1,0.0236575875486,414.1,0.0152622262913,414.1,0.0142839703975,414.1,0.0138887617304,414.1,0.00953841458762
414.8,0.0398168917372,414.8,0.0157138933394,414.8,0.0167864499886,414.8,0.0201602197299,414.8,0.0291004806592
415.4,0.0193698023957,415.4,0.0153636987869,415.4,0.014360265507,415.4,0.0141023880369,415.4,0.0106065461204
416.1,0.0373296711681,416.1,0.0156269169146,416.1,0.0156725413901,416.1,0.0172304875257,416.1,0.0247821774624
416.7,0.0308903639277,416.7,0.0155963988708,416.7,0.0162066071565,416.7,0.0185427634089,416.7,0.0203112840467
417.4,0.0507576104372,417.4,0.0156627756161,417.4,0.0178393224994,417.4,0.0238071259632,417.4,0.0342885481041
418.1,0.025229266804,418.1,0.0156192874037,418.1,0.0145433737697,418.1,0.0161470969711,418.1,0.0142229343099
418.7,0.0302647440299,418.7,0.0151767757687,418.7,0.0147570000763,418.7,0.0173983367666,418.7,0.0160234988937
419.4,0.0342778667887,419.4,0.0157741664759,419.4,0.0181750209812,419.4,0.0186495765621,419.4,0.0246448462654
420.1,0.0275791561761,420.1,0.0154399938964,420.1,0.0161913481346,420.1,0.0136598764019,420.1,0.0121934843977
420.7,0.0406103608759,420.7,0.015935912108,420.7,0.0170763714046,420.7,0.0238223849851,420.7,0.0292378118563
421.4,0.0306462195773,421.4,0.0151927977417,421.4,0.0164049744411,421.4,0.0196261539635,421.4,0.0237293049516
422.1,0.0333012893874,422.1,0.0152980849928,422.1,0.0152910658427,422.1,0.0215030136568,422.1,0.0218066681926
422.7,0.0290440222782,422.7,0.0156871900511,422.7,0.014360265507,422.7,0.0172762645914,422.7,0.0187243457694
423.4,0.0314549477379,423.4,0.0152378118563,423.4,0.0148638132296,423.4,0.0210605020218,423.4,0.0202960250248
424.1,0.030539406424,424.1,0.015291981384,424.1,0.0167559319448,424.1,0.0172457465476,424.1,0.0210742351415
424.7,0.0304631113146,424.7,0.0156154726482,424.7,0.0165880827039,424.7,0.0174288548104,424.7,0.0192126344701
425.4,0.035422293431,425.4,0.0157482261387,425.4,0.0169390402075,425.4,0.0204806591897,425.4,0.0284901197833
426.1,0.0409155413138,426.1,0.0158344396124,426.1,0.0170000762951,426.1,0.022357518883,426.1,0.029283588922
426.7,0.0353154802777,426.7,0.0149097428855,426.7,0.017305256733,426.7,0.0206332494087,426.7,0.0277424277104
427.4,0.0349492637522,427.4,0.0156040283818,427.4,0.0157946135653,427.4,0.0196414129854,427.4,0.0243244068055
428.1,0.0357732509346,428.1,0.0159168383307,428.1,0.0154436560616,428.1,0.0210910200656,428.1,0.0238361181048
428.7,0.0402746623941,428.7,0.0157436484321,428.7,0.0171984435798,428.7,0.0226016632334,428.7,0.0275135423819
429.4,0.036749828336,429.4,0.0156589608606,429.4,0.0164049744411,429.4,0.0201297016861,429.4,0.022340733959
430.1,0.0450507362478,430.1,0.0154537270161,430.1,0.0170763714046,430.1,0.0230289158465,430.1,0.0323506523232
430.7,0.051810482948,430.7,0.0161220721752,430.7,0.0166033417258,430.7,0.0194583047227,430.7,0.0244617380026
431.4,0.115974670024,431.4,0.0161831082628,431.4,0.0159624628061,431.4,0.0266300450141,431.4,0.0418570229648
432.1,0.496580453193,432.1,0.0165401693751,432.1,0.0236987869078,432.1,0.0776867322805,432.1,0.181843289845
432.7,0.941411459525,432.7,0.0195667963684,432.7,0.0480979629206,432.7,0.371453421836,432.7,0.75959563592
433.4,0.941411459525,433.4,0.0219067673762,433.4,0.117755397879,433.4,0.85025101091,433.4,0.942017242695
434.1,0.535948729686,434.1,0.0166813153277,434.1,0.0239124132143,434.1,0.0888410772869,434.1,0.210225070573
434.7,0.034232089723,434.7,0.015018844892,434.7,0.0131853208209,434.7,0.0162996871901,434.7,0.0183581292439
435.4,0.0428534370947,435.4,0.0157688258183,435.4,0.0185717555505,435.4,0.019549858854,435.4,0.0259876401923
436.1,0.029517051957,436.1,0.0149662012665,436.1,0.0147112230106,436.1,0.0155519951171,436.1,0.0149248493172
436.7,0.0392980849928,436.7,0.0156269169146,436.7,0.0167864499886,436.7,0.0214572365911,436.7,0.0268574044404
437.4,0.0311039902342,437.4,0.0151355764096,437.4,0.0168780041199,437.4,0.0152162966354,437.4,0.0202044708934
438.1,0.0471412222477,438.1,0.0163959716182,438.1,0.0158709086748,438.1,0.0277286945907,438.1,0.0363790341039
438.7,0.0432654306859,438.7,0.0159633783474,438.7,0.0179156176089,438.7,0.0255008773938,438.7,0.0303364614328
439.4,0.018728923476,439.4,0.0149593347066,439.4,0.0146807049668,439.4,0.0123323414969,439.4,0.00546425574121
440.1,0.0390997177081,440.1,0.0156322575723,440.1,0.0184191653315,440.1,0.0209079118029,440.1,0.0262165255207
440.7,0.0451575494011,440.7,0.0154033722438,440.7,0.0188769359884,440.7,0.0215640497444,440.7,0.0251636530098
441.4,0.0236575875486,441.4,0.0155986877241,441.4,0.015245288777,441.4,0.0110048065919,441.4,0.0087296864271
442.1,0.033789578088,442.1,0.0156131837949,442.1,0.0177630273899,442.1,0.0190157930877,442.1,0.0229816128786
442.7,0.0396948195621,442.7,0.0161297016861,442.7,0.016420233463,442.7,0.0199008163577,442.7,0.0238666361486
443.4,0.032767223621,443.4,0.0163814755474,443.4,0.0154894331273,443.4,0.0219760433356,443.4,0.0218829633021
444.1,0.0244357976654,444.1,0.0153781948577,444.1,0.0161455710689,444.1,0.0122865644312,444.1,0.0103318837263
444.7,0.02197909514,444.7,0.0160022888533,444.7,0.0157488364996,444.7,0.0108674753948,444.7,0.00801251239796
445.4,0.0429297322042,445.4,0.0159137865263,445.4,0.0160540169375,445.4,0.0236545357443,445.4,0.0323506523232
446.1,0.0362615396353,446.1,0.0152164492256,446.1,0.0178545815213,446.1,0.0248599984741,446.1,0.0254535744259
446.7,0.0162417029068,446.7,0.0150707255665,446.7,0.0160234988937,446.7,0.0102876325628,446.7,0.00805828946365
447.4,0.0380315861753,447.4,0.015597924773,447.4,0.0181597619593,447.4,0.0202822919051,447.4,0.0274830243381
448.1,0.0300053406577,448.1,0.0153652246891,448.1,0.0175646601053,448.1,0.0153536278325,448.1,0.016282902266
448.7,0.0400305180438,448.7,0.0158748760204,448.7,0.0168322270542,448.7,0.0249515526055,448.7,0.0260791943236
449.4,0.0415411612116,449.4,0.0157116044862,449.4,0.017747768368,449.4,0.0250888838025,449.4,0.0247364003967
450.1,0.0205600061036,450.1,0.0157810330358,450.1,0.0145738918135,450.1,0.0129884794385,450.1,0.0121934843977
450.8,0.0315312428473,450.8,0.0153621728847,450.8,0.0150011444266,450.8,0.0153383688106,450.8,0.0149706263828
451.4,0.0192782482643,451.4,0.0150287632563,451.4,0.0144823376822,451.4,0.0149568932631,451.4,0.0102861066606
452.1,0.0403204394598,452.1,0.0154476234073,452.1,0.0180682078279,452.1,0.0213046463722,452.1,0.0331746395056
452.7,0.028921950103,452.7,0.0150218966964,452.7,0.0166491187915,452.7,0.0159182116426,452.7,0.0216845960174
453.4,0.0346593423362,453.4,0.015461356527,453.4,0.0191515983825,453.4,0.0226321812772,453.4,0.0209826810101
454.1,0.0295780880446,454.1,0.0151927977417,454.1,0.0143297474632,454.1,0.0212741283284,454.1,0.0219439993896
454.7,0.0343999389639,454.7,0.0156505683986,454.7,0.0171374074922,454.7,0.0185732814527,454.7,0.0224933241779
455.4,0.0280216678111,455.4,0.0154331273365,455.4,0.0153063248646,455.4,0.0178255893797,455.4,0.019090562295
456.1,0.039404898146,456.1,0.0157711146715,456.1,0.0170763714046,456.1,0.0226932173648,456.1,0.02749828336
456.7,0.0294254978256,456.7,0.0156688792248,456.7,0.0151842526894,456.7,0.0153078507668,456.7,0.022783245594
457.4,0.0232150759136,457.4,0.0153751430533,457.4,0.0131548027771,457.4,0.0131410696574,457.4,0.0130937666896
458.1,0.0260074769207,458.1,0.0157001602197,458.1,0.0176256961929,458.1,0.0157961394675,458.1,0.0119493400473
458.7,0.0461799038682,458.7,0.0153865873198,458.7,0.0173510337987,458.7,0.0265384908827,458.7,0.034441138323
459.4,0.0302800030518,459.4,0.0153232623789,459.4,0.014650186923,459.4,0.0140260929274,459.4,0.0211047531853
460.1,0.032324711986,460.1,0.0154766155489,460.1,0.015535210193,460.1,0.0201297016861,460.1,0.020860608835
460.7,0.0339269092851,460.7,0.0155323109789,460.7,0.014360265507,460.7,0.0199313344015,460.7,0.0180376897841
461.4,0.0296391241321,461.4,0.0149890897993,461.4,0.0141924162661,461.4,0.0170321202411,461.4,0.0195788509957
462.1,0.0348882276646,462.1,0.015412527657,462.1,0.0169237811856,462.1,0.0177340352483,462.1,0.0246753643091
462.7,0.0362462806134,462.7,0.0153995574884,462.7,0.0157335774777,462.7,0.0212130922408,462.7,0.0243091477836
463.4,0.0320805676356,463.4,0.0149921416037,463.4,0.0180987258717,463.4,0.0155367360952,463.4,0.0163744563973
464.1,0.0331639581903,464.1,0.015694056611,464.1,0.0156115053025,464.1,0.0222507057298,464.1,0.0203112840467
464.7,0.0438147554742,464.7,0.0156864271,464.7,0.0194720378424,464.7,0.0285374227512,464.7,0.0366079194324
465.4,0.0313023575189,465.4,0.0155056076905,465.4,0.0177172503243,465.4,0.0162386511025,465.4,0.023363088426
466.1,0.0353917753872,466.1,0.0155880064088,466.1,0.0150621805142,466.1,0.0183596551461,466.1,0.0287190051118
466.7,0.0250156404974,466.7,0.0152240787366,466.7,0.0155046921492,466.7,0.0202670328832,466.7,0.0230121309224
467.4,0.0264805065995,467.4,0.0155582513161,467.4,0.0175188830396,467.4,0.019549858854,467.4,0.0177019913024
468.1,0.0148073548486,468.1,0.0154300755322,468.1,0.0157640955215,468.1,0.0136751354238,468.1,0.0064255741207
468.7,0.0349492637522,468.7,0.015501029984,468.7,0.0188006408789,468.7,0.0236697947662,468.7,0.0260486762799
469.4,0.01932402533,469.4,0.0149097428855,469.4,0.0129411764706,469.4,0.0136293583581,469.4,0.0126817730983
470.1,0.0154634927901,470.1,0.0156513313497,470.1,0.0146196688792,470.1,0.0117830167086,470.1,0.0111558709087
470.7,0.0300511177234,470.7,0.0156086060883,470.7,0.0170916304265,470.7,0.0163759822995,470.7,0.0238971541924
471.4,0.0309819180591,471.4,0.01511497673,471.4,0.0185717555505,471.4,0.0227542534524,471.4,0.0233478294041
472.1,0.0334538796063,472.1,0.0155155260548,472.1,0.0134447241932,472.1,0.0201754787518,472.1,0.0197619592584
472.7,0.0233218890669,472.7,0.014704509041,472.7,0.0172289616236,472.7,0.0146211947814,472.7,0.0178393224994
473.4,0.027151903563,473.4,0.0151989013504,473.4,0.0155504692149,473.4,0.0143312733654,473.4,0.0131395437552
474.1,0.0390081635767,474.1,0.0159214160372,474.1,0.0163591973754,474.1,0.027835507744,474.1,0.033266193637
474.7,0.0309666590372,474.7,0.0147891966125,474.7,0.0162371252003,474.7,0.019702449073,474.7,0.0271320668345
475.4,0.0249240863661,475.4,0.0155086594949,475.4,0.0172289616236,475.4,0.0157351033799,475.4,0.0170611123827
476.1,0.0234439612421,476.1,0.01532402533,476.1,0.0133684290837,476.1,0.0149416342412,476.1,0.0138261997406
476.7,0.0183474479286,476.7,0.0150371557183,476.7,0.0143450064851,476.7,0.0148043030442,476.7,0.0134142061494
477.4,0.0349340047303,477.4,0.0157352559701,477.4,0.0162371252003,477.4,0.0222049286641,477.4,0.0288563363088
478.1,0.0286625467308,478.1,0.0153385214008,478.1,0.0167559319448,478.1,0.0178103303578,478.1,0.0171374074922
478.7,0.0228793774319,478.7,0.0148410772869,478.7,0.0154283970397,478.7,0.0133241779202,478.7,0.0145586327916
479.4,0.0292423895628,479.4,0.0157070267796,479.4,0.0150011444266,479.4,0.0181307698177,479.4,0.0199145494774
480.1,0.0433417257954,480.1,0.0150814068818,480.1,0.0183123521782,480.1,0.0240360112917,480.1,0.0286274509804
480.7,0.0354985885405,480.7,0.0157047379263,480.7,0.0172137026017,480.7,0.0215640497444,480.7,0.0241565575647
481.4,0.0508644235904,481.4,0.0156253910124,481.4,0.0166186007477,481.4,0.0196261539635,481.4,0.026475928893
482.1,0.0632394903487,482.1,0.0153789578088,482.1,0.0168780041199,482.1,0.0183596551461,482.1,0.0270405127031
482.7,0.176156252384,482.7,0.0161617456321,482.7,0.0205859464408,482.7,0.0328709849699,482.7,0.0631891355764
483.4,0.712266727703,483.4,0.0179844357977,483.4,0.0237293049516,483.4,0.124760814832,483.4,0.290121309224
484.1,0.941411459525,484.1,0.0215710688945,484.1,0.0941649500267,484.1,0.674802777142,484.1,0.927994201572
484.8,0.941411459525,484.8,0.0320021362631,484.8,0.354697489891,484.8,0.968722056916,484.8,0.942017242695
485.4,0.941411459525,485.4,0.0705960173953,485.4,0.860030518044,485.4,0.968722056916,485.4,0.942017242695
486.1,0.941411459525,486.1,0.0471680781262,486.1,0.650569924468,486.1,0.968722056916,486.1,0.942017242695
486.7,0.941411459525,486.7,0.0161876859693,486.7,0.0217608911269,486.7,0.673047989624,486.7,0.942017242695
487.4,0.941411459525,487.4,0.0158832684825,487.4,0.0172747386893,487.4,0.0270420386053,487.4,0.942017242695
488.1,0.941411459525,488.1,0.015074540322,488.1,0.0170763714046,488.1,0.0223727779049,488.1,0.484261844816
488.7,0.941411459525,488.7,0.0159816891737,488.7,0.0148332951858,488.7,0.0277897306783,488.7,0.0309163042649
489.4,0.941411459525,489.4,0.0154094758526,489.4,0.0173815518425,489.4,0.0241886015106,489.4,0.032823682002
490,0.941411459525,490,0.0150440222782,490,0.0165423056382,490,0.0215640497444,490,0.0238513771267
490.7,0.554930952926,490.7,0.0154186312657,490.7,0.0140398260472,490.7,0.00970778973068,490.7,0.0132310978866
491.4,0.0408697642481,491.4,0.0157154192416,491.4,0.0179766536965,491.4,0.0260349431601,491.4,0.035921263447
492,0.0235049973297,492,0.0154895857176,492,0.0153368429084,492,0.0169710841535,492,0.0207537956817
492.7,0.0326604104677,492.7,0.0148929579614,492.7,0.0147570000763,492.7,0.0219607843137,492.7,0.0235919737545
493.4,0.0117708094911,493.4,0.0148891432059,493.4,0.014650186923,493.4,0.0117067215991,493.4,0.0106065461204
494,0.0158144502937,494,0.0144107728695,494,0.017305256733,494,0.0107301441978,494,0.0127733272297
494.7,0.0269840543221,494.7,0.0154354161898,494.7,0.016282902266,494.7,0.0160860608835,494.7,0.0208911268788
495.3,0.0310124361028,495.3,0.0157215228504,495.3,0.0159929808499,495.3,0.0209994659342,495.3,0.0251941710536
496,0.0175997558556,496,0.015179064622,496,0.0179156176089,496,0.0146974898909,496,0.015245288777
496.7,0.0261295490959,496.7,0.0155300221256,496.7,0.014955367361,496.7,0.0197634851606,496.7,0.0215472648203
497.3,0.0190646219577,497.3,0.0151836423285,497.3,0.0128038452735,497.3,0.0106843671321,497.3,0.00998092622263
498,0.0194003204395,498,0.0155040817884,498,0.0149095902953,498,0.0142702372778,498,0.013475242237
498.7,0.0182101167315,498.7,0.0150569924468,498.7,0.0155046921492,498.7,0.010547035935,498.7,0.00819562066072
499.3,0.0228793774319,499.3,0.0158298619059,499.3,0.0148790722515,499.3,0.0178713664454,499.3,0.0197772182803
500,0.03645990692,500,0.0150379186694,500,0.0166796368353,500,0.0236697947662,500,0.0311757076371
500.6,0.0108857862211,500.6,0.0152050049592,500.6,0.0154589150835,500.6,0.0082429236286,500.6,0.00151216906996
501.3,0.0286015106432,501.3,0.0154323643854,501.3,0.0168474860761,501.3,0.0205722133211,501.3,0.0259113450828
502,0.030402075227,502,0.0156314946212,502,0.0161913481346,502,0.0206637674525,502,0.0273151750973
502.6,0.0287846189059,502.6,0.0154468604562,502.6,0.0182360570687,502.6,0.0214572365911,502.6,0.0288868543526
503.3,0.0338353551537,503.3,0.0152301823453,503.3,0.016725413901,503.3,0.0208621347372,503.3,0.0264301518273
504,0.032767223621,504,0.0157421225299,504,0.0158251316091,504,0.0200076295109,504,0.0231647211414
504.6,0.0242526894026,504.6,0.0152088197147,504.6,0.0152147707332,504.6,0.014682230869,504.6,0.0177325093462
505.3,0.0234134431983,505.3,0.0158672465095,505.3,0.015535210193,505.3,0.0201907377737,505.3,0.0172747386893
505.9,0.0374517433433,505.9,0.0148616769665,505.9,0.0168932631418,505.9,0.0252109559777,505.9,0.0346852826734
506.6,0.0257633325704,506.6,0.0154903486687,506.6,0.0136278324559,506.6,0.0198092622263,506.6,0.0231647211414
507.3,0.0307072556649,507.3,0.0157367818723,507.3,0.0177782864118,507.3,0.0229983978027,507.3,0.0273914702068
507.9,0.0140596627756,507.9,0.0153865873198,507.9,0.0144060425727,507.9,0.0134309910735,507.9,0.00811932555123
508.6,0.0189120317388,508.6,0.0153377584497,508.6,0.0142687113756,508.6,0.0138429846647,508.6,0.0132005798428
509.3,0.00829175249866,509.3,0.0151020065614,509.3,0.0151232166018,509.3,0.0123628595407,509.3,0.00496070801862
509.9,0.0285404745556,509.9,0.0151889829862,509.9,0.0148638132296,509.9,0.0187869077592,509.9,0.0194720378424
510.6,0.0285404745556,510.6,0.0152957961395,510.6,0.0163439383536,510.6,0.0188326848249,510.6,0.0241870756085
511.2,0.0226199740597,511.2,0.0147075608453,511.2,0.0187396047913,511.2,0.0169100480659,511.2,0.0162066071565
511.9,0.0178591592279,511.9,0.015130998703,511.9,0.0169085221637,511.9,0.0113862821393,511.9,0.0159014267185
512.6,0.0248783093004,512.6,0.0151081101701,512.6,0.0173205157549,512.6,0.0179476615549,512.6,0.0214709697108
513.2,0.0321568627451,513.2,0.0155948729686,513.2,0.0140245670253,513.2,0.0218539711604,513.2,0.0253772793164
513.9,0.0261448081178,513.9,0.0156726939803,513.9,0.015092698558,513.9,0.0208316166934,513.9,0.0217914091707
514.5,0.0327367055772,514.5,0.015227893492,514.5,0.0163744563973,514.5,0.0226169222553,514.5,0.0268574044404
515.2,0.0282047760739,515.2,0.014937972076,515.2,0.0157030594339,515.2,0.0181155107958,515.2,0.0184496833753
515.9,0.0295475700008,515.9,0.0151500724804,515.9,0.0157793545434,515.9,0.0203433279927,515.9,0.0260944533455
516.5,0.0255954833295,516.5,0.0149250019074,516.5,0.0155657282368,516.5,0.0204654001678,516.5,0.0191973754482
517.2,0.0197360189212,517.2,0.0155468070497,517.2,0.0163591973754,517.2,0.014087129015,517.2,0.014207675288
517.9,0.0215060654612,517.9,0.0146694132906,517.9,0.0154894331273,517.9,0.0178713664454,517.9,0.0162981612879
518.5,0.0209109636072,518.5,0.0151905088884,518.5,0.0156572823682,518.5,0.015719844358,518.5,0.0128496223392
519.2,0.0163485160601,519.2,0.0150478370336,519.2,0.0141618982223,519.2,0.0135530632486,519.2,0.0073411154345
519.8,0.0410070954452,519.8,0.0157833218891,519.8,0.0176562142367,519.8,0.0226932173648,519.8,0.0330220492866
520.5,0.0124879835203,520.5,0.0151592278935,520.5,0.0147264820325,520.5,0.0106080720226,520.5,0.00845502403296
521.2,0.0287388418402,521.2,0.0155155260548,521.2,0.0154741741054,521.2,0.0197940032044,521.2,0.0254840924697
521.8,0.0252140077821,521.8,0.0150630960555,521.8,0.0162676432441,521.8,0.0144075684749,521.8,0.0183581292439
522.5,0.0191561760891,522.5,0.0154232089723,522.5,0.0162066071565,522.5,0.0161013199054,522.5,0.0124071107042
523.2,0.0447608148318,523.2,0.0152187380789,523.2,0.0185259784848,523.2,0.0289036392767,523.2,0.0398275730526
523.8,0.0155092698558,523.8,0.015501029984,523.8,0.0134905012589,523.8,0.0107301441978,523.8,0.0103776607919
524.5,0.0235965514611,524.5,0.0155391775387,524.5,0.0163134203098,524.5,0.0178561074235,524.5,0.0215014877546
525.1,0.0219028000305,525.1,0.0149578088045,525.1,0.0155657282368,525.1,0.0194430457008,525.1,0.0193041886015
525.8,0.021383993286,525.8,0.0157940032044,525.8,0.017167925536,525.8,0.0169100480659,525.8,0.0165423056382
526.5,0.0243900205997,526.5,0.0148609140154,526.5,0.0161608300908,526.5,0.015857175555,526.5,0.0172289616236
527.1,0.0273502708476,527.1,0.0153354695964,527.1,0.0170458533608,527.1,0.0179629205768,527.1,0.0188921950103
527.8,0.0231387808042,527.8,0.0157863736934,527.8,0.0153368429084,527.8,0.0181155107958,527.8,0.0195635919738
528.5,0.0300511177234,528.5,0.0152683299001,528.5,0.0183276112001,528.5,0.0176577401389,528.5,0.0253925383383
529.1,0.015768673228,529.1,0.0152957961395,529.1,0.0135057602808,529.1,0.00842603189136,529.1,0.00831769283589
529.8,0.0253055619135,529.8,0.0155536736095,529.8,0.0143297474632,529.8,0.0137514305333,529.8,0.0183276112001
530.4,0.0171419851987,530.4,0.0147670710307,530.4,0.0184344243534,530.4,0.0139650568399,530.4,0.0119798580911
531.1,0.0107789730678,531.1,0.0155155260548,531.1,0.0145738918135,531.1,0.0100587472343,531.1,0.00985885404746
531.8,0.0243747615778,531.8,0.0146099031052,531.8,0.020860608835,531.8,0.0218844892042,531.8,0.0199908445869
532.4,0.0188052185855,532.4,0.0152805371176,532.4,0.0143907835508,532.4,0.013354695964,532.4,0.0167101548791
533.1,0.0210482948043,533.1,0.0150478370336,533.1,0.0148180361639,533.1,0.0153536278325,533.1,0.0167711909667
533.8,0.0127626459144,533.8,0.0150806439307,533.8,0.0150774395361,533.8,0.0115236133364,533.8,0.00789044022278
534.4,0.00800183108263,534.4,0.0150852216373,534.4,0.0140093080034,534.4,0.00944838635843,534.4,0.00474708171206
535.1,0.0288761730373,535.1,0.0155857175555,535.1,0.017305256733,535.1,0.0179476615549,535.1,0.0262775616083
535.8,0.0155550469215,535.8,0.0156963454643,535.8,0.0171221484703,535.8,0.0143312733654,535.8,0.0104997329671
536.4,0.0348424505989,536.4,0.0156879530022,536.4,0.0154741741054,536.4,0.0238529030289,536.4,0.0264911879149
537.1,0.0243137254902,537.1,0.0155994506752,537.1,0.0149095902953,537.1,0.0188632028687,537.1,0.0192126344701
537.8,0.00548409246967,537.8,0.014559548333,537.8,0.0137346456092,537.8,0.0100740062562,537.8,0.00145113298238
538.5,0.0139681086442,538.5,0.0147808041505,538.5,0.0148180361639,538.5,0.01098954757,538.5,0.00818036163882
539.1,0.0242832074464,539.1,0.0153797207599,539.1,0.0135057602808,539.1,0.0183901731899,539.1,0.0188921950103
539.8,0.0290135042344,539.8,0.015364461738,539.8,0.0163591973754,539.8,0.0205416952773,539.8,0.0255603875792
540.5,0.0237644007019,540.5,0.0154422827497,540.5,0.0135210193027,540.5,0.0179476615549,540.5,0.017747768368
541.2,0.0301579308766,541.2,0.0151004806592,541.2,0.017747768368,541.2,0.0190615701534,541.2,0.0260639353017
541.9,0.0195834287022,541.9,0.0160556954299,541.9,0.0159624628061,541.9,0.0201297016861,541.9,0.018052948806
542.5,0.0316685740444,542.5,0.015203479057,542.5,0.0177782864118,542.5,0.0192141603723,542.5,0.0262012664988
543.2,0.0168215457389,543.2,0.0151760128176,543.2,0.013032730602,543.2,0.0124391546502,543.2,0.0130174715801
543.9,0.0298527504387,543.9,0.0148624399176,543.9,0.0181750209812,543.9,0.0206332494087,543.9,0.0267200732433
544.6,0.0264652475776,544.6,0.0157772182803,544.6,0.0198992904555,544.6,0.022067597467,544.6,0.0244922560464
545.3,0.0297154192416,545.3,0.0156414129854,545.3,0.0188158999008,545.3,0.0213199053941,545.3,0.0236987869078
545.9,0.0220553902495,545.9,0.0148616769665,545.9,0.0155962462806,545.9,0.0189394979782,545.9,0.0174883649958
546.6,0.0295017929351,546.6,0.0153972686351,546.6,0.0151689936675,546.6,0.0189089799344,546.6,0.0255603875792
547.3,0.00705577172503,547.3,0.0153835355154,547.3,0.014360265507,547.3,0.00879224841688,547.3,0.00525062943465
548,0.0157839322499,548,0.0154911116197,548,0.0142992294194,548,0.0142244602121,548,0.00900434882124
548.7,0.0230777447166,548.7,0.0156673533227,548.7,0.0170305943389,548.7,0.0217166399634,548.7,0.0207232776379
549.3,0.021383993286,549.3,0.015468986038,549.3,0.0159014267185,549.3,0.0187106126497,549.3,0.0234699015793
550,0.0153566796368,550,0.0151325246052,550,0.016282902266,550,0.0141481651026,550,0.0113084611276
550.7,0.0197817959869,550.7,0.0158046845197,550.7,0.0137346456092,550.7,0.0150484473945,550.7,0.0203112840467
551.4,0.02640421149,551.4,0.0159069199664,551.4,0.0169085221637,551.4,0.020587472343,551.4,0.0218829633021
552.1,0.0161501487755,552.1,0.0151462577249,552.1,0.0139482719158,552.1,0.0122102693217,552.1,0.0123308155947
552.7,0.0241458762493,552.7,0.0156589608606,552.7,0.0166948958572,552.7,0.0176729991608,552.7,0.0173968108644
553.4,0.0196444647898,553.4,0.015613946746,553.4,0.0157183184558,553.4,0.0154757000076,553.4,0.0150774395361
554.1,0.0186984054322,554.1,0.0149097428855,554.1,0.0163897154192,554.1,0.0119661249714,554.1,0.0154283970397
554.8,0.0399847409781,554.8,0.0159794003204,554.8,0.0159166857404,554.8,0.0229678797589,554.8,0.0334035248341
555.5,0.0190341039139,555.5,0.0152294193942,555.5,0.0162523842222,555.5,0.0158724345769,555.5,0.0171374074922
556.1,0.015768673228,556.1,0.0154041351949,556.1,0.0118120088502,556.1,0.015124742504,556.1,0.0157488364996
556.8,0.0285252155337,556.8,0.0155216296635,556.8,0.0173662928206,556.8,0.0185122453651,556.8,0.0252246890974
557.5,0.0247409781033,557.5,0.015501029984,557.5,0.0163439383536,557.5,0.0195651178759,557.5,0.0196093690394
558.2,0.0106874189364,558.2,0.0152286564431,558.2,0.0151689936675,558.2,0.0111268787671,558.2,0.00386205844205
558.9,0.02374914168,558.9,0.0151821164263,558.9,0.0132310978866,558.9,0.0174288548104,558.9,0.0217761501488
559.5,0.0206363012131,559.5,0.0157650110628,559.5,0.0134599832151,559.5,0.0127901121538,559.5,0.0125139238575
560.2,0.0295323109789,560.2,0.0152896925307,560.2,0.0152758068208,560.2,0.0222354467079,560.2,0.0243701838712
560.9,0.020056458381,560.9,0.0157787441825,560.9,0.0166033417258,560.9,0.0147890440223,560.9,0.0157793545434
561.6,0.0330418860151,561.6,0.0156231021592,561.6,0.0150621805142,561.6,0.0238986800946,561.6,0.026033417258
562.3,0.0231235217823,562.3,0.0149875638972,562.3,0.0155046921492,562.3,0.0174135957885,562.3,0.019670405127
562.9,0.025824368658,562.9,0.0156673533227,562.9,0.0153368429084,562.9,0.0175051499199,562.9,0.0272541390097
563.6,0.0235202563516,563.6,0.0154491493095,563.6,0.0166948958572,563.6,0.0176577401389,563.6,0.0147417410544
564.3,0.0166079194324,564.3,0.0153545433738,564.3,0.0159166857404,564.3,0.0162233920806,564.3,0.0167864499886
565,0.0177370870527,565,0.0152378118563,565,0.0184649423972,565,0.0179476615549,565,0.0158098725872
565.7,0.0127168688487,565.7,0.0151592278935,565.7,0.0138414587625,565.7,0.0118135347524,565.7,0.00721904325933
566.3,0.0306309605554,566.3,0.0156612497139,566.3,0.0164507515068,566.3,0.0221133745327,566.3,0.026765850309
567,0.0286778057527,567,0.0151500724804,567,0.0161455710689,567,0.0193820096132,567,0.023668268864
567.7,0.0324773022049,567.7,0.0157070267796,567.7,0.015687800412,567.7,0.0214419775692,567.7,0.0248279545281
568.4,0.0387029831388,568.4,0.0155193408103,568.4,0.0187090867475,568.4,0.0226474402991,568.4,0.0293293659876
569.1,0.0319279774166,569.1,0.0151783016709,569.1,0.0144670786603,569.1,0.0190920881971,569.1,0.0222644388495
569.7,0.0282200350958,569.7,0.0153392843519,569.7,0.0176867322805,569.7,0.0127290760662,569.7,0.0137041275654
570.4,0.0351171129931,570.4,0.0153743801022,570.4,0.0194262607767,570.4,0.0209689478904,570.4,0.0282764934768
571.1,0.0412970168612,571.1,0.0160228885328,571.1,0.0157793545434,571.1,0.0213046463722,571.1,0.031053635462
571.8,0.0369176775769,571.8,0.0157451743343,571.8,0.0168932631418,571.8,0.0192904554818,571.8,0.0233936064698
572.4,0.0273502708476,572.4,0.0155269703212,572.4,0.0157793545434,572.4,0.0223117418173,572.4,0.0212115663386
573.1,0.0474769207294,573.1,0.0159565117876,573.1,0.0196246280613,573.1,0.0284611276417,573.1,0.0341817349508
573.8,0.0363836118105,573.8,0.0155262073701,573.8,0.0154589150835,573.8,0.0193820096132,573.8,0.0234851606012
574.5,0.0212314030671,574.5,0.014913557641,574.5,0.0147875181201,574.5,0.012912184329,574.5,0.0108964675364
575.2,0.0292576485847,575.2,0.0155460440986,575.2,0.0154436560616,575.2,0.0163607232776,575.2,0.0166643778134
575.8,0.0396948195621,575.8,0.0161731898985,575.8,0.0188158999008,575.8,0.025607690547,575.8,0.0278797589075
576.5,0.0370092317082,576.5,0.0152378118563,576.5,0.0183123521782,576.5,0.0218997482261,576.5,0.0198840314336
577.2,0.0457831692988,577.2,0.0160167849241,577.2,0.0181597619593,577.2,0.0219455252918,577.2,0.0290089265278
577.9,0.0338963912413,577.9,0.0150615701534,577.9,0.0151995117113,577.9,0.016604867628,577.9,0.0193041886015
578.6,0.0238254367895,578.6,0.0158107881285,578.6,0.0166338597696,578.6,0.0131105516136,578.6,0.0106828412299
579.2,0.0443640802625,579.2,0.015814602884,579.2,0.0193499656672,579.2,0.0233340962844,579.2,0.032976272221
579.9,0.0448065918975,579.9,0.0159710078584,579.9,0.0168932631418,579.9,0.0247684443427,579.9,0.0304280155642
580.6,0.0309971770809,580.6,0.0151142137789,580.6,0.0128953994049,580.6,0.0165743495842,580.6,0.0151689936675
581.3,0.0582955672541,581.3,0.0159847409781,581.3,0.0172289616236,581.3,0.0206790264744,581.3,0.0281391622797
582,0.0627359426261,582,0.0154216830701,582,0.0171221484703,582,0.0238834210727,582,0.0366231784543
582.6,0.0435248340581,582.6,0.0155529106584,582.6,0.0166948958572,582.6,0.0207553215839,582.6,0.0260486762799
583.3,0.0203006027314,583.3,0.0158863202869,583.3,0.0124528877699,583.3,0.011584649424,583.3,0.0100877393759
584,0.042365148394,584,0.0154483863584,584,0.0182513160906,584,0.0271946288243,584,0.0338460364691
584.7,0.0316380560006,584.7,0.0153133440146,584.7,0.0178545815213,584.7,0.0204654001678,584.7,0.0202807660029
585.4,0.0193698023957,585.4,0.0152767223621,585.4,0.013170061799,585.4,0.0116304264897,585.4,0.0131548027771
586,0.0418005645838,586,0.0149517051957,586,0.0180071717403,586,0.0243717097734,586,0.0293598840314
586.7,0.0229556725414,586.7,0.0154453345541,586.7,0.0153826199741,586.7,0.0162996871901,586.7,0.0169085221637
587.4,0.0266788738842,587.4,0.0157421225299,587.4,0.0153215838865,587.4,0.012317082475,587.4,0.0109880216678
588.1,0.0263889524681,588.1,0.0157001602197,588.1,0.0166796368353,588.1,0.0112642099641,588.1,0.0148180361639
588.7,0.0364293888762,588.7,0.0153118181125,588.7,0.017015335317,588.7,0.0208468757153,588.7,0.0253620202945
589.4,0.013418783856,589.4,0.0152744335088,589.4,0.0151842526894,589.4,0.011432059205,589.4,0.00593728542
590.1,0.0280827038987,590.1,0.0157390707256,590.1,0.0138261997406,590.1,0.015567254139,590.1,0.0193652246891
590.7,0.0206668192569,590.7,0.015107347219,590.7,0.0157335774777,590.7,0.0128511482414,590.7,0.0124834058137
591.4,0.0193545433738,591.4,0.0153873502708,591.4,0.0152758068208,591.4,0.0168642710002,591.4,0.0118272678721
592,0.0329198138399,592,0.015461356527,592,0.0167559319448,592,0.0186800946059,592,0.0211200122072
592.7,0.0321568627451,592.7,0.0158275730526,592.7,0.0175188830396,592.7,0.0171236743725,592.7,0.0210131990539
593.3,0.0415716792554,593.3,0.015275959411,593.3,0.0171831845579,593.3,0.0199465934234,593.3,0.021593041886
594,0.0332249942779,594,0.0149898527504,594,0.0167559319448,594,0.0181460288396,594,0.0189684901198
594.7,0.046790264744,594.7,0.0152401007095,594.7,0.0171526665141,594.7,0.0268284122988,594.7,0.0364553292134
595.3,0.0501472495613,595.3,0.0160122072175,595.3,0.0170763714046,595.3,0.0251499198901,595.3,0.0312062256809
596,0.0430365453574,596,0.0154232089723,596,0.0174273289082,596,0.0249362935836,596,0.0348989089799
596.6,0.0293797207599,596.6,0.0154705119402,596.6,0.0158098725872,596.6,0.015719844358,596.6,0.016725413901
597.3,0.0389776455329,597.3,0.0151119249256,597.3,0.0144975967041,597.3,0.0217166399634,597.3,0.0255451285573
598,0.0219180590524,598,0.0154995040818,598,0.0170916304265,598,0.013064774548,598,0.0104234378576
598.6,0.0337132829786,598.6,0.0154575417716,598.6,0.0146044098573,598.6,0.0171389333944,598.6,0.0184496833753
599.3,0.0445014114595,599.3,0.0156467536431,599.3,0.0166948958572,599.3,0.0224643320363,599.3,0.0286121919585
599.9,0.0397711146715,599.9,0.0157558556497,599.9,0.0175341420615,599.9,0.0209842069123,599.9,0.0214862287327
600.6,0.0548928053712,600.6,0.0157459372854,600.6,0.0170305943389,600.6,0.0265690089265,600.6,0.0351735713741
601.2,0.0374670023651,601.2,0.0158001068132,601.2,0.0138567177844,601.2,0.0224338139925,601.2,0.0278644998856
601.9,0.0447455558099,601.9,0.0148868543526,601.9,0.014802777142,601.9,0.0199923704891,601.9,0.0277119096666
602.6,0.0342168307012,602.6,0.0148319218738,602.6,0.0175646601053,602.6,0.0213199053941,602.6,0.0268116273747
603.2,0.0429144731823,603.2,0.015927519646,603.2,0.0162218661784,603.2,0.0226932173648,603.2,0.0304737926299
603.9,0.0380315861753,603.9,0.0156971084154,603.9,0.0167406729229,603.9,0.0181765468833,603.9,0.0221271076524
604.5,0.0351934081025,604.5,0.0157444113832,604.5,0.0155046921492,604.5,0.0227695124743,604.5,0.0251026169223
605.2,0.0294865339132,605.2,0.0156261539635,605.2,0.0160692759594,605.2,0.0190615701534,605.2,0.0182513160906
605.9,0.0329808499275,605.9,0.0153018997482,605.9,0.0164660105287,605.9,0.0167727168688,605.9,0.0229816128786
606.5,0.0248172732128,606.5,0.0154041351949,606.5,0.0141313801785,606.5,0.0153383688106,606.5,0.016725413901
607.2,0.0285862516213,607.2,0.0153102922103,607.2,0.014802777142,607.2,0.0166659037156,607.2,0.0166948958572
607.8,0.0294560158694,607.8,0.0153942168307,607.8,0.0181139848936,607.8,0.0168642710002,607.8,0.0189990081636
608.5,0.0308751049058,608.5,0.0155674067292,608.5,0.0178850995651,608.5,0.0214267185473,608.5,0.022920576791
609.1,0.0433569848173,609.1,0.0157161821927,609.1,0.0147570000763,609.1,0.0243717097734,609.1,0.0327779049363
609.8,0.0223910887312,609.8,0.0153011367971,609.8,0.0165117875944,609.8,0.0143770504311,609.8,0.0112321660182
610.5,0.0252597848478,610.5,0.0161167315175,610.5,0.0163286793317,610.5,0.0141329060807,610.5,0.018937972076
611.1,0.0354680704967,611.1,0.0155857175555,611.1,0.0163591973754,611.1,0.024875257496,611.1,0.0301380941482
611.8,0.0332707713436,611.8,0.0150730144198,611.8,0.0192431525139,611.8,0.0210605020218,611.8,0.0254230563821
612.4,0.037039749752,612.4,0.0155193408103,612.4,0.0160082398718,612.4,0.0211062790875,612.4,0.0266437781338
613.1,0.0260379949645,613.1,0.0151577019913,613.1,0.0160692759594,613.1,0.0181307698177,613.1,0.0225238422217
613.7,0.0288456549935,613.7,0.0155063706416,613.7,0.0175494010834,613.7,0.0159334706645,613.7,0.0201281757839
614.4,0.0343694209201,614.4,0.0152149233234,614.4,0.0164660105287,614.4,0.021029983978,614.4,0.0266437781338
615.1,0.043692683299,615.1,0.0153179217212,615.1,0.0164507515068,615.1,0.0235629816129,615.1,0.0276966506447
615.7,0.0495674067292,615.7,0.0157886625467,615.7,0.0156725413901,615.7,0.0186495765621,615.7,0.0283680476081
616.4,0.024496833753,616.4,0.0156887159533,616.4,0.0152147707332,616.4,0.0155977721828,616.4,0.0174425879301
617,0.019766536965,617,0.0154514381628,617,0.0137193865873,617,0.0155062180514,617,0.0170000762951
617.7,0.0321263447013,617.7,0.015782558938,617.7,0.0169390402075,617.7,0.0239749752041,617.7,0.0293751430533
618.4,0.029959563592,618.4,0.0159397268635,618.4,0.0169085221637,618.4,0.0183291371023,618.4,0.0253925383383
619,0.027441824979,619,0.0155429922942,619,0.0154131380179,619,0.0164065003433,619,0.0235309376669
619.7,0.0210025177386,619.7,0.0153537804227,619.7,0.012437628748,619.7,0.0166201266499,619.7,0.015397878996
620.3,0.0251987487602,620.3,0.0155918211643,620.3,0.0165117875944,620.3,0.0196871900511,620.3,0.0197924773022
621,0.0293034256504,621,0.0149288166629,621,0.0152758068208,621,0.017932402533,621,0.0251941710536
621.6,0.0160128175784,621.6,0.0149868009461,621.6,0.0164965285725,621.6,0.0156893263142,621.6,0.0125597009232
622.3,0.0193087663081,622.3,0.0154537270161,622.3,0.0142381933318,622.3,0.0159334706645,622.3,0.0182360570687
623,0.0276707103075,623,0.0153354695964,623,0.0173815518425,623,0.0211062790875,623,0.0225543602655
623.6,0.0180117494469,623.6,0.0149585717556,623.6,0.0146196688792,623.6,0.0171084153506,623.6,0.012880140383
624.3,0.0238101777676,624.3,0.0154499122606,624.3,0.0151384756237,624.3,0.0118287937743,624.3,0.0159929808499
624.9,0.0192324711986,624.9,0.0152774853132,624.9,0.0143297474632,624.9,0.0148958571756,624.9,0.0131548027771
625.6,0.0185458152132,625.6,0.0147747005417,625.6,0.0144975967041,625.6,0.0140260929274,625.6,0.0154436560616
626.3,0.0235660334173,626.3,0.0152050049592,626.3,0.0175799191272,626.3,0.0178255893797,626.3,0.0185870145724
626.9,0.0336369878691,626.9,0.0148158999008,626.9,0.0148943312734,626.9,0.0249973296712,626.9,0.0307331960021
627.6,0.0207125963226,627.6,0.0154728007935,627.6,0.0170458533608,627.6,0.0169405661097,627.6,0.017457846952
628.2,0.0146089875639,628.2,0.0153759060044,628.2,0.0172289616236,628.2,0.0123323414969,628.2,0.0126665140764
628.9,0.0394201571679,628.9,0.0152774853132,628.9,0.0188311589227,628.9,0.0236697947662,628.9,0.0300465400168
629.5,0.0608438239109,629.5,0.0150867475395,629.5,0.0197161821927,629.5,0.0284763866636,629.5,0.0395986877241
630.2,0.0662302586404,630.2,0.0163250171664,630.2,0.0175646601053,630.2,0.0241123064012,630.2,0.0332967116808
630.9,0.0619119554437,630.9,0.0151783016709,630.9,0.0187090867475,630.9,0.018970016022,630.9,0.0227222095064
631.5,0.0837933928435,631.5,0.0155971618219,631.5,0.0166948958572,631.5,0.0227542534524,631.5,0.030748455024
632.2,0.107353322652,632.2,0.0158626688029,632.2,0.0191515983825,632.2,0.0310551613642,632.2,0.0520958266575
632.8,0.132286564431,632.8,0.0156826123445,632.8,0.0197772182803,632.8,0.0303074692912,632.8,0.0498222323949
633.5,0.165001907378,633.5,0.0162822919051,633.5,0.0221423666743,633.5,0.0312382696269,633.5,0.0518211642634
634.2,0.178231479362,634.2,0.0158924238956,634.2,0.0183886472877,634.2,0.0327336537728,634.2,0.056154726482
634.8,0.0717235065232,634.8,0.0159893186847,634.8,0.0150621805142,634.8,0.023990234226,634.8,0.0289631494621
635.5,0.0231235217823,635.5,0.0160556954299,635.5,0.015397878996,635.5,0.0171236743725,635.5,0.0171374074922
636.1,0.0310582131685,636.1,0.0150051117723,636.1,0.0170916304265,636.1,0.0219760433356,636.1,0.0283680476081
636.8,0.0232608529793,636.8,0.0153766689555,636.8,0.0170763714046,636.8,0.0181002517739,636.8,0.018785381857
637.4,0.0316990920882,637.4,0.015082932784,637.4,0.0178088044556,637.4,0.0219455252918,637.4,0.0231952391852
638.1,0.0389776455329,638.1,0.0156650644694,638.1,0.01953307393,638.1,0.0266605630579,638.1,0.0361043717098
638.8,0.0244815747311,638.8,0.0153278400855,638.8,0.0160997940032,638.8,0.0200381475547,638.8,0.0216083009079
639.4,0.0221164263371,639.4,0.0150470740826,639.4,0.0140093080034,639.4,0.0200686655985,639.4,0.0218524452583
640.1,0.0232608529793,640.1,0.015002059968,640.1,0.0157793545434,640.1,0.0145754177157,640.1,0.0197772182803
640.8,0.0268314641032,640.8,0.01501045243,640.8,0.0148332951858,640.8,0.0181612878614,640.8,0.0215625238422
641.4,0.0170199130236,641.4,0.0156292057679,641.4,0.015535210193,641.4,0.0171236743725,641.4,0.00946211947814
642.1,0.0272587167163,642.1,0.0153606469825,642.1,0.0158098725872,642.1,0.0155825131609,642.1,0.0282001983673
642.7,0.023016708629,642.7,0.0157566186007,642.7,0.0143450064851,642.7,0.0188479438468,642.7,0.0151842526894
643.4,0.0336217288472,643.4,0.0155056076905,643.4,0.0159319447623,643.4,0.0233340962844,643.4,0.0260181582361
644,0.0207888914321,644,0.0151653315023,644,0.0163897154192,644,0.0146364538033,644,0.0155657282368
644.7,0.0359411001755,644.7,0.0158771648737,644.7,0.0162523842222,644.7,0.0205111772335,644.7,0.0263080796521
645.4,0.0388097962921,645.4,0.0157932402533,645.4,0.0183886472877,645.4,0.0216708628977,645.4,0.0280781261921
646,0.0384893568322,646,0.015839017319,646,0.0160692759594,646,0.0208468757153,646,0.0279255359731
646.7,0.0445166704814,646.7,0.0159870298314,646.7,0.0164812695506,646.7,0.0234714274815,646.7,0.0367299916075
647.3,0.0388860914015,647.3,0.0159603265431,647.3,0.0176867322805,647.3,0.0209842069123,647.3,0.0221728847181
648,0.0267704280156,648,0.0153430991073,648,0.0155199511711,648,0.0101350423438,648,0.0104386968795
648.7,0.0610269321736,648.7,0.0152942702373,648.7,0.0188464179446,648.7,0.0285984588388,648.7,0.0451682307164
649.3,0.0742107270924,649.3,0.0162037079423,649.3,0.0172594796674,649.3,0.0304448004883,649.3,0.0438406958114
650,0.090812542916,650,0.0157436484321,650,0.0184496833753,650,0.0271030746929,650,0.039461356527
650.6,0.135933470665,650.6,0.0159320973526,650.6,0.0198992904555,650.6,0.0329015030137,650.6,0.0600762951095
651.3,0.187692072938,651.3,0.0163593499657,651.3,0.0203265430686,651.3,0.0307957579919,651.3,0.0610986495766
651.9,0.375423819333,651.9,0.0165096513313,651.9,0.0253162432288,651.9,0.0520973525597,651.9,0.138706034943
652.6,0.82350499733,652.6,0.0187016098268,652.6,0.0284748607614,652.6,0.169240863661,652.6,0.399436942092
653.3,0.941411459525,653.3,0.0214551003281,653.3,0.0786923018235,653.3,0.590847638666,653.3,0.911667048142
653.9,0.941411459525,653.9,0.0341315327687,653.9,0.410667582208,653.9,0.968722056916,653.9,0.942017242695
654.6,0.941411459525,654.6,0.144882276646,654.6,0.991746395056,654.6,0.968722056916,654.6,0.942017242695
655.2,0.941411459525,655.2,0.554207827878,655.2,0.991746395056,655.2,0.968722056916,655.2,0.942017242695
655.9,0.941411459525,655.9,0.960868390936,655.9,0.991746395056,655.9,0.968722056916,655.9,0.942017242695
656.6,0.941411459525,656.6,0.217355764096,656.6,0.991746395056,656.6,0.968722056916,656.6,0.942017242695
657.2,0.941411459525,657.2,0.0167537956817,657.2,0.991746395056,657.2,0.968722056916,657.2,0.942017242695
657.9,0.941411459525,657.9,0.0158413061723,657.9,0.991746395056,657.9,0.968722056916,657.9,0.942017242695
658.5,0.941411459525,658.5,0.015991607538,658.5,0.0199298084993,658.5,0.968722056916,658.5,0.942017242695
659.2,0.941411459525,659.2,0.0162670328832,659.2,0.0165117875944,659.2,0.968722056916,659.2,0.942017242695
659.8,0.941411459525,659.8,0.0160862134737,659.8,0.016725413901,659.8,0.968722056916,659.8,0.942017242695
660.5,0.941411459525,660.5,0.0153972686351,660.5,0.0161455710689,660.5,0.968722056916,660.5,0.942017242695
661.2,0.941411459525,661.2,0.0154659342336,661.2,0.0165575646601,661.2,0.968722056916,661.2,0.942017242695
661.8,0.941411459525,661.8,0.016016021973,661.8,0.0175494010834,661.8,0.968722056916,661.8,0.942017242695
662.5,0.941411459525,662.5,0.0144222171359,662.5,0.0168474860761,662.5,0.968722056916,662.5,0.942017242695
663.1,0.941411459525,663.1,0.0157116044862,663.1,0.0167559319448,663.1,0.968722056916,663.1,0.942017242695
663.8,0.941411459525,663.8,0.0154262607767,663.8,0.0146959639887,663.8,0.968722056916,663.8,0.942017242695
664.5,0.941411459525,664.5,0.0157390707256,664.5,0.0160082398718,664.5,0.489359884031,664.5,0.942017242695
665.1,0.941411459525,665.1,0.0158420691234,665.1,0.0166033417258,665.1,0.028720531014,665.1,0.942017242695
665.8,0.941411459525,665.8,0.0152866407263,665.8,0.0169542992294,665.8,0.0164675364309,665.8,0.942017242695
666.4,0.941411459525,666.4,0.0152332341497,666.4,0.0164812695506,666.4,0.0129427023728,666.4,0.471795223926
667.1,0.941411459525,667.1,0.0152187380789,667.1,0.0164354924849,667.1,0.0212588693065,667.1,0.265783169299
667.8,0.941411459525,667.8,0.0155452811475,667.8,0.0160997940032,667.8,0.013064774548,667.8,0.0115373464561
668.4,0.941411459525,668.4,0.0149608606088,668.4,0.0139635309377,668.4,0.0147127489128,668.4,0.0187243457694
669.1,0.415036240177,669.1,0.0149417868315,669.1,0.0155199511711,669.1,0.0146211947814,669.1,0.0181902800031
669.8,0.0354680704967,669.8,0.0155147631037,669.8,0.0166033417258,669.8,0.0220370794232,669.8,0.0343953612573
670.4,0.0094972152285,670.4,0.0150012970169,670.4,0.0151079575799,670.4,0.011279468986,670.4,0.00276340886549
671.1,0.0322178988327,671.1,0.0150135042344,671.1,0.0170305943389,671.1,0.0201754787518,671.1,0.0248889906157
671.8,0.0199801632715,671.8,0.0151577019913,671.8,0.0156115053025,671.8,0.0154909590295,671.8,0.0165575646601
672.5,0.0237949187457,672.5,0.0151302357519,672.5,0.0174425879301,672.5,0.0182528419928,672.5,0.0210589761196
673.1,0.0333623254749,673.1,0.0153614099336,673.1,0.0172899977111,673.1,0.0228763256275,673.1,0.0291462577249
673.8,0.0243289845121,673.8,0.0153286030365,673.8,0.0162676432441,673.8,0.0178255893797,673.8,0.0198687724117
674.5,0.0183779659724,674.5,0.0156200503548,674.5,0.018052948806,674.5,0.0162691691463,674.5,0.0151384756237
675.1,0.0327214465553,675.1,0.0152652780957,675.1,0.0173357747768,675.1,0.0244022278172,675.1,0.0330678263523
675.8,0.0235202563516,675.8,0.0153430991073,675.8,0.0166033417258,675.8,0.0179476615549,675.8,0.0236987869078
676.5,0.0391912718395,676.5,0.0158779278248,676.5,0.0195178149081,676.5,0.0262943465324,676.5,0.0350820172427
677.2,0.0171725032425,677.2,0.014970016022,677.2,0.0135820553902,677.2,0.0103486686503,677.2,0.0142839703975
677.8,0.0259311818112,677.8,0.0159824521248,677.8,0.0157183184558,677.8,0.020892652781,677.8,0.0216235599298
678.5,0.0249240863661,678.5,0.01563759823,678.5,0.0180376897841,678.5,0.0181155107958,678.5,0.0222491798276
679.2,0.0367040512703,679.2,0.0156574349584,679.2,0.0187396047913,679.2,0.0259739070726,679.2,0.0320912489509
679.9,0.0202090486,679.9,0.0151706721599,679.9,0.0160234988937,679.9,0.0147585259785,679.9,0.0162371252003
680.5,0.0315465018692,680.5,0.0158031586175,680.5,0.0150164034485,680.5,0.0217624170291,680.5,0.0264148928054
681.2,0.0241153582055,681.2,0.015171435111,681.2,0.0155046921492,681.2,0.015857175555,681.2,0.0230121309224
681.9,0.00919203479057,681.9,0.0156772716869,681.9,0.0166338597696,681.9,0.00921950102998,681.9,0.00358739604791
682.5,0.0226810101472,682.5,0.0157497520409,682.5,0.0162066071565,682.5,0.0199160753796,682.5,0.0231342030976
683.2,0.0291966124971,683.2,0.0150493629358,683.2,0.0157793545434,683.2,0.0225253681239,683.2,0.0236987869078
683.9,0.020651560235,683.9,0.015597924773,683.9,0.0137804226749,683.9,0.0162233920806,683.9,0.0179308766308
684.6,0.0350560769055,684.6,0.0156223392081,684.6,0.0175341420615,684.6,0.0264774547951,684.6,0.0322743572137
685.2,0.0209719996948,685.2,0.0152896925307,685.2,0.0141618982223,685.2,0.0162386511025,685.2,0.0180987258717
685.9,0.0202090486,685.9,0.0148036926833,685.9,0.0148332951858,685.9,0.0187563897154,685.9,0.0188158999008
686.6,0.00934462500954,686.6,0.0149036392767,686.6,0.0138719768063,686.6,0.0115999084459,686.6,0.00840924696727
687.2,0.0186984054322,687.2,0.0146541542687,687.2,0.0139787899596,687.2,0.0178561074235,687.2,0.0162523842222
687.9,0.0177370870527,687.9,0.0154384679942,687.9,0.0154283970397,687.9,0.0153688868544,687.9,0.0153063248646
688.6,0.0211551079576,688.6,0.0154697489891,688.6,0.016282902266,688.6,0.0199771114672,688.6,0.0190295262074
689.3,0.011496147097,689.3,0.0148944838636,689.3,0.0147417410544,689.3,0.0116762035554,689.3,0.00926375219348
689.9,0.0114656290532,689.9,0.0144267948425,689.9,0.0141466392004,689.9,0.0112642099641,689.9,0.00763103685054
690.6,0.019613946746,690.6,0.0153705653468,690.6,0.0157335774777,690.6,0.017199969482,690.6,0.0168780041199
691.3,0.0205752651255,691.3,0.0153293659876,691.3,0.0162981612879,691.3,0.0177340352483,691.3,0.0161608300908
692,0.0214145113298,692,0.0149234760052,692,0.0128648813611,692,0.0172762645914,692,0.0195941100175
692.6,0.016958876936,692.6,0.0152446784161,692.6,0.0160845349813,692.6,0.0151094834821,692.6,0.0127122911421
693.3,0.0308293278401,693.3,0.0152065308614,693.3,0.0185870145724,693.3,0.0202365148394,693.3,0.0299244678416
694,0.0213992523079,694,0.0157123674372,694,0.0161608300908,694,0.0166811627375,694,0.020860608835
694.6,0.019766536965,694.6,0.0150539406424,694.6,0.0154589150835,694.6,0.016604867628,694.6,0.0147722590982
695.3,0.022574196994,695.3,0.0155483329519,695.3,0.0160234988937,695.3,0.0164370183871,695.3,0.0216388189517
696,0.0369481956207,696,0.0159893186847,696,0.0175036240177,696,0.025027847715,696,0.035631342031
696.7,0.0254123750668,696.7,0.0154567788205,696.7,0.0137804226749,696.7,0.0181918059052,696.7,0.0225391012436
697.3,0.0323857480735,697.3,0.0156566720073,697.3,0.0160540169375,697.3,0.0240360112917,697.3,0.0307789730678
698,0.0177676050965,698,0.0152652780957,698,0.0130174715801,698,0.0147890440223,698,0.0145586327916
698.7,0.0286015106432,698.7,0.0151477836271,698.7,0.0164049744411,698.7,0.0183138780804,698.7,0.0238361181048
699.4,0.0261905851835,699.4,0.0153766689555,699.4,0.0167406729229,699.4,0.0156893263142,699.4,0.0272999160754
700,0.0110078583963,700,0.015026474403,700,0.0132158388647,700,0.0120881971466,700,0.00840924696727
700.7,0.0141054398413,700.7,0.0155635919738,700.7,0.0163591973754,700.7,0.00940260929274,700.7,0.00914168001831
701.4,0.0228336003662,701.4,0.0153827725643,701.4,0.0165117875944,701.4,0.0180086976425,701.4,0.0204638742657
702,0.0414190890364,702,0.0155689326314,702,0.0171984435798,702,0.0220065613794,702,0.0325795376516
702.7,0.0287388418402,702.7,0.0157421225299,702.7,0.0172747386893,702.7,0.0167421988251,702.7,0.0288563363088
703.4,0.0186984054322,703.4,0.0147335011826,703.4,0.0172899977111,703.4,0.0165743495842,703.4,0.0146807049668
704.1,0.00914625772488,704.1,0.0153270771344,704.1,0.0126512550546,704.1,0.00992141603723,704.1,0.00604409857328
704.7,0.0159517814908,704.7,0.0152957961395,704.7,0.0147875181201,704.7,0.0123323414969,704.7,0.0115983825437
705.4,0.0275791561761,705.4,0.0156765087358,705.4,0.016282902266,705.4,0.0215640497444,705.4,0.0256366826886
706.1,0.0178744182498,706.1,0.0149715419242,706.1,0.0158098725872,706.1,0.0162233920806,706.1,0.016862745098
706.8,0.0173250934615,706.8,0.0156673533227,706.8,0.0157488364996,706.8,0.0126985580224,706.8,0.0104692149233
707.4,0.0192172121767,707.4,0.0150913252461,707.4,0.0141466392004,707.4,0.0171084153506,707.4,0.0145891508354
708.1,0.0189578088045,708.1,0.0155513847562,708.1,0.0162981612879,708.1,0.0148043030442,708.1,0.0185564965286
708.8,0.027441824979,708.8,0.0156086060883,708.8,0.0158251316091,708.8,0.0211215381094,708.8,0.0244617380026
709.4,0.0168520637827,709.4,0.0148700694285,709.4,0.0124834058137,709.4,0.0139040207523,709.4,0.0137499046311
710.1,0.0201327534905,710.1,0.0145503929198,710.1,0.014650186923,710.1,0.0172762645914,710.1,0.0175494010834
710.8,0.0256260013733,710.8,0.0154666971847,710.8,0.0158251316091,710.8,0.0223880369268,710.8,0.0244769970245
711.5,0.0117097734035,711.5,0.0149181353475,711.5,0.0142229343099,711.5,0.0116914625772,711.5,0.0096604867628
712.1,0.0138155184253,712.1,0.0154811932555,712.1,0.016130312047,712.1,0.0138124666209,712.1,0.0134294651713
712.8,0.0113130388342,712.8,0.0150531776913,712.8,0.0167406729229,712.8,0.0153841458762,712.8,0.0112016479744
713.5,0.0225436789502,713.5,0.0152820630198,713.5,0.0146654459449,713.5,0.0177645532921,713.5,0.0188616769665
714.2,0.0272434576944,714.2,0.0156093690394,714.2,0.0163134203098,714.2,0.0182833600366,714.2,0.0275440604257
714.8,0.0231082627604,714.8,0.0156269169146,714.8,0.0168932631418,714.8,0.0181307698177,714.8,0.0247516594186
715.5,0.0144869153887,715.5,0.0156124208438,715.5,0.0167559319448,715.5,0.0133699549859,715.5,0.0130174715801
716.2,0.0123659113451,716.2,0.0153255512322,716.2,0.0164507515068,716.2,0.00941786831464,716.2,0.0120866712444
716.8,0.0300205996796,716.8,0.0155353627832,716.8,0.0147264820325,716.8,0.0224795910582,716.8,0.0271168078126
717.5,0.00961928740368,717.5,0.0145885404746,717.5,0.0153826199741,717.5,0.0111268787671,717.5,0.0125291828794
718.2,0.00993972686351,718.2,0.0153682764935,718.2,0.0141008621347,718.2,0.00798352025635,718.2,0.0104844739452
718.9,0.00289005874723,718.9,0.0151546501869,718.9,0.0172442206455,718.9,0.0068238345922,718.9,0.00306858930343
719.5,0.0140444037537,719.5,0.0156696421759,719.5,0.0130632486458,719.5,0.0134920271611,719.5,0.0102861066606
720.2,0.0230472266728,720.2,0.0152851148241,720.2,0.0141008621347,720.2,0.0177950713359,720.2,0.0188311589227
720.9,0.0173403524834,720.9,0.0153987945373,720.9,0.0125597009232,720.9,0.0152468146792,720.9,0.0173662928206
721.6,0.0179507133593,721.6,0.0160343327993,721.6,0.018785381857,721.6,0.0166353856718,721.6,0.0195941100175
722.2,0.017691309987,722.2,0.0157138933394,722.2,0.0161760891127,722.2,0.0175051499199,722.2,0.0108506904707
722.9,0.0344609750515,722.9,0.0156948195621,722.9,0.0150011444266,722.9,0.024280155642,722.9,0.034883649958
723.6,0.0173556115053,723.6,0.0153438620584,723.6,0.0162371252003,723.6,0.0178713664454,723.6,0.0181445029374
724.3,0.010611123827,724.3,0.0148403143359,724.3,0.0166338597696,724.3,0.0126680399786,724.3,0.00998092622263
724.9,0.0086121919585,724.9,0.0154857709621,724.9,0.0170611123827,724.9,0.0116456855116,724.9,0.00605935759518
725.6,0.0206363012131,725.6,0.0157306782635,725.6,0.0172137026017,725.6,0.018817425803,725.6,0.021745632105
726.3,0.0174624246586,726.3,0.0154598306249,726.3,0.013765163653,726.3,0.0165590905623,726.3,0.0126665140764
726.9,0.0173861295491,726.9,0.0150859845884,726.9,0.0151079575799,726.9,0.0130189974823,726.9,0.0140093080034
727.6,0.0164400701915,727.6,0.0155819028,727.6,0.0179156176089,727.6,0.0179476615549,727.6,0.0137804226749
728.3,0.00693369954986,728.3,0.0152629892424,728.3,0.0172442206455,728.3,0.0112031738766,728.3,0.00703593499657
729,0.0197817959869,729,0.0156643015183,729,0.015977721828,729,0.0174135957885,729,0.0193652246891
729.6,0.0211093308919,729.6,0.0149707789731,729.6,0.0137193865873,729.6,0.0180239566644,729.6,0.0229663538567
730.3,0.0322178988327,730.3,0.0154819562066,730.3,0.0159319447623,730.3,0.0240665293355,730.3,0.0300770580606
731,-0.00161135271229,731,0.0152004272526,731,0.0142839703975,731,0.00726634622721,731,-0.00364538033112
731.7,0.0143801022354,731.7,0.0153118181125,731.7,0.0136430914778,731.7,0.0131105516136,731.7,0.0136736095216
732.3,0.0293492027161,732.3,0.0158519874876,732.3,0.0167559319448,732.3,0.022357518883,732.3,0.0266895551995
733,0.0076661326009,733,0.0150890363928,733,0.0149858854047,733,0.0112642099641,733,0.00853131914244
733.7,0.0278385595483,733.7,0.0157573815518,733.7,0.0173205157549,733.7,0.0222964827955,733.7,0.0250720988785
734.4,0.0137544823377,734.4,0.0152225528344,734.4,0.0151995117113,734.4,0.0177645532921,734.4,0.0135820553902
735,0.0289372091249,735,0.015364461738,735,0.0176867322805,735,0.0214572365911,735,0.0250568398566
735.7,0.0172793163958,735.7,0.0151081101701,735.7,0.0180987258717,735.7,0.0175814450294,735.7,0.0150011444266
736.4,0.00702525368124,736.4,0.0154201571679,736.4,0.0158861676967,736.4,0.0063813229572,736.4,0.00515907530327
737,0.0122896162356,737,0.0151378652628,737,0.0145891508354,737,0.013202105745,737,0.0132463569085
737.7,0.00224917982757,737.7,0.0153202105745,737.7,0.0116594186313,737.7,0.00480964370184,737.7,-0.00424048218509
738.4,0.0136324101625,738.4,0.015501029984,738.4,0.0158098725872,738.4,0.0170016021973,738.4,0.00744792858778
739.1,0.0183321889067,739.1,0.0159549858854,739.1,0.0138567177844,739.1,0.0146211947814,739.1,0.0104234378576
739.7,0.0170046540017,739.7,0.015147020676,739.7,0.013322652018,739.7,0.0148805981537,739.7,0.0132616159304
740.4,0.0278538185702,740.4,0.015251544976,740.4,0.0172442206455,740.4,0.0193362325475,740.4,0.0265369649805
741.1,0.0195223926146,741.1,0.0151271839475,741.1,0.0155504692149,741.1,0.0183443961242,741.1,0.0167559319448
741.7,0.0213534752422,741.7,0.0151699092088,741.7,0.0144365606165,741.7,0.0172304875257,741.7,0.0188921950103
742.4,0.0126253147173,742.4,0.0151416800183,742.4,0.0151689936675,742.4,0.0164065003433,742.4,0.014055085069
743.1,0.0313481345846,743.1,0.0149913786526,743.1,0.0152605477989,743.1,0.0243411917296,743.1,0.028245975433
743.7,0.0213229571984,743.7,0.0156986343175,743.7,0.0161150530251,743.7,0.0173983367666,743.7,0.0225391012436
744.4,0.0158449683375,744.4,0.0151668574044,744.4,0.0152605477989,744.4,0.0136140993362,744.4,0.015092698558
745.1,0.0219943541619,745.1,0.015444571603,745.1,0.015687800412,745.1,0.0163912413214,745.1,0.0239276722362
745.7,0.00493476768139,745.7,0.0150569924468,745.7,0.0150164034485,745.7,0.0121187151904,745.7,0.00709697108415
746.4,0.0265720607309,746.4,0.0154964522774,746.4,0.0178240634775,746.4,0.0194888227665,746.4,0.0243854428931
747.1,0.0247104600595,747.1,0.0154132906081,747.1,0.0166796368353,747.1,0.0182986190585,747.1,0.019380483711
747.7,0.0173250934615,747.7,0.0150409704738,747.7,0.0162066071565,747.7,0.0152925917449,747.7,0.0148485542077
748.4,0.0177370870527,748.4,0.0150775921263,748.4,0.0151689936675,748.4,0.0162386511025,748.4,0.0126207370108
749.1,0.0185152971695,749.1,0.0153186846723,749.1,0.0152910658427,749.1,0.016757457847,749.1,0.019227893492
749.7,0.0188662546731,749.7,0.0157489890898,749.7,0.0155657282368,749.7,0.0141023880369,749.7,0.0155046921492
750.4,0.0161196307317,750.4,0.0155132372015,750.4,0.0150621805142,750.4,0.0141023880369,750.4,0.0139024948501
751.1,0.0287388418402,751.1,0.0150859845884,751.1,0.0152605477989,751.1,0.0195651178759,751.1,0.0278339818418
751.7,0.0086121919585,751.7,0.0150577553979,751.7,0.0131853208209,751.7,0.0108827344167,751.7,0.00569314106966
752.4,0.027594415198,752.4,0.0154186312657,752.4,0.0148180361639,752.4,0.019855039292,752.4,0.0220813305867
753.1,0.0172182803082,753.1,0.015468986038,753.1,0.0147417410544,753.1,0.0110048065919,753.1,0.0147264820325
753.7,0.010168612192,753.7,0.0153537804227,753.7,0.0142381933318,753.7,0.0146059357595,753.7,0.0116136415656
754.4,0.0183474479286,754.4,0.0154583047227,754.4,0.0165880827039,754.4,0.0193209735256,754.4,0.0205859464408
755.1,0.0192172121767,755.1,0.0158702983139,755.1,0.0133836881056,755.1,0.0194583047227,755.1,0.0212420843824
755.7,0.030402075227,755.7,0.0152408636606,755.7,0.0174883649958,755.7,0.0236240177005,755.7,0.0290547035935
756.4,0.0146395056077,756.4,0.0156047913329,756.4,0.015092698558,756.4,0.0132936598764,756.4,0.0129411764706
757.1,0.0138460364691,757.1,0.0153926909285,757.1,0.0129716945144,757.1,0.0152620737011,757.1,0.0110185397116
757.7,0.0216586556802,757.7,0.0150440222782,757.7,0.0143450064851,757.7,0.0184359502556,757.7,0.0177172503243
758.4,0.0118471046006,758.4,0.0152736705577,758.4,0.0137041275654,758.4,0.0111573968109,758.4,0.00843976501106
759.1,0.0197360189212,759.1,0.0147060349432,759.1,0.0137804226749,759.1,0.0177340352483,759.1,0.0194872968643
759.7,0.0297001602197,759.7,0.0153156328679,759.7,0.0152910658427,759.7,0.0247074082551,759.7,0.0325490196078
760.4,0.0234134431983,760.4,0.0151805905241,760.4,0.0137346456092,760.4,0.0195956359197,760.4,0.0245380331121
761.1,0.0190341039139,761.1,0.0154064240482,761.1,0.0160997940032,761.1,0.0203128099489,761.1,0.016420233463
761.7,0.0193392843519,761.7,0.0156223392081,761.7,0.0157335774777,761.7,0.0170016021973,761.7,0.0175646601053
762.4,0.0125337605859,762.4,0.0146579690242,762.4,0.0141924162661,762.4,0.0140566109712,762.4,0.0100877393759
763.1,0.029517051957,763.1,0.0157573815518,763.1,0.017610437171,763.1,0.0203891050584,763.1,0.0292683299001
763.7,0.0226504921035,763.7,0.0153247882811,763.7,0.0166338597696,763.7,0.0179171435111,763.7,0.0220508125429
764.4,0.0194460975051,764.4,0.0154064240482,764.4,0.0148943312734,764.4,0.019549858854,764.4,0.0191210803388
765.1,0.0276707103075,765.1,0.0154926375219,765.1,0.0151842526894,765.1,0.019107347219,765.1,0.0230121309224
765.7,0.0188052185855,765.7,0.0150157930877,765.7,0.0174273289082,765.7,0.0135378042267,765.7,0.0139482719158
766.4,0.0301731898985,766.4,0.0158962386511,766.4,0.0188158999008,766.4,0.0276523994812,766.4,0.0331593804837
767.1,0.00601815823606,767.1,0.0152576485847,767.1,0.0131242847333,767.1,0.0111879148547,767.1,0.00631876096742
767.7,0.0173098344396,767.7,0.0154697489891,767.7,0.0169542992294,767.7,0.0136903944457,767.7,0.0142534523537
768.4,0.0322941939422,768.4,0.0157199969482,768.4,0.0179613946746,768.4,0.0236697947662,768.4,0.0327168688487
769.1,0.0183779659724,769.1,0.0150478370336,769.1,0.0126054779889,769.1,0.0171236743725,769.1,0.0163591973754
769.7,0.027151903563,769.7,0.0154750896468,769.7,0.0175799191272,769.7,0.019549858854,769.7,0.0237140459297
770.4,0.0095124742504,770.4,0.0154628824292,770.4,0.0161608300908,770.4,0.0145143816281,770.4,0.0113847562371
771.1,0.0224063477531,771.1,0.0154399938964,771.1,0.0167406729229,771.1,0.01541466392,771.1,0.0210894941634
771.7,0.0346288242924,771.7,0.0158664835584,771.7,0.0140856031128,771.7,0.0228458075837,771.7,0.0318471046006
772.4,0.0116029602502,772.4,0.0156322575723,772.4,0.0149248493172,772.4,0.0131563286793,772.4,0.00929427023728
773.1,0.017843900206,773.1,0.0153591210803,773.1,0.0165270466163,773.1,0.0156435492485,773.1,0.0164354924849
773.7,0.00745250629435,773.7,0.0149868009461,773.7,0.0131090257115,773.7,0.0117677576867,773.7,0.00831769283589
774.4,0.0136629282063,774.4,0.0156246280613,774.4,0.0130174715801,774.4,0.0134767681392,774.4,0.0106523231861
775.1,0.0239780270085,775.1,0.0155445181964,775.1,0.0151232166018,775.1,0.0179934386206,775.1,0.0205401693751
775.7,0.022421606775,775.7,0.0157161821927,775.7,0.0139635309377,775.7,0.0149568932631,775.7,0.0162676432441
776.4,0.0729137102312,776.4,0.0156566720073,776.4,0.0138567177844,776.4,0.0200228885328,776.4,0.0279102769512
777.1,0.383221179522,777.1,0.0165767910277,777.1,0.0225543602655,777.1,0.0622293430991,777.1,0.151676203555
777.7,0.897770656901,777.7,0.018269016556,777.7,0.0309163042649,777.7,0.190984969863,777.7,0.447685969329
778.4,0.484373235676,778.4,0.0163196765087,778.4,0.0236835278859,778.4,0.0836530098421,778.4,0.20183260853
779.1,0.0114045929656,779.1,0.0157642481117,779.1,0.0137956816968,779.1,0.0105775539788,779.1,0.00905012588693
779.7,0.0167605096513,779.7,0.0150966659037,779.7,0.0118577859159,779.7,0.0136903944457,779.7,0.00923323414969
780.4,0.0144716563668,780.4,0.0153545433738,780.4,0.0159319447623,780.4,0.0151705195697,780.4,0.0157335774777
781.1,0.0149141680018,781.1,0.0152828259709,781.1,0.0149401083391,781.1,0.0136751354238,781.1,0.0130022125582
781.7,0.0227725642786,781.7,0.0154277866789,781.7,0.0160387579156,781.7,0.0188784618906,781.7,0.0187090867475
782.4,0.0189425497826,782.4,0.0152141603723,782.4,0.0127428091859,782.4,0.0145906767376,782.4,0.0192584115358
783.1,0.0159060044251,783.1,0.0147586785687,783.1,0.013765163653,783.1,0.0155062180514,783.1,0.0152910658427
783.7,0.0237796597238,783.7,0.0154300755322,783.7,0.0163744563973,783.7,0.0195651178759,783.7,0.0249805447471
784.4,0.0201632715343,784.4,0.0158939497978,784.4,0.0162981612879,784.4,0.0161776150149,784.4,0.0218066681926
785.1,0.0214450293736,785.1,0.0149265278096,785.1,0.0164660105287,785.1,0.0170931563287,785.1,0.0206012054627
785.7,-0.00153505760281,785.7,0.0151088731212,785.7,0.0125291828794,785.7,0.00226138704509,785.7,-0.00630045014115
786.4,0.0127779049363,786.4,0.0154636453803,786.4,0.015687800412,786.4,0.0113710231174,786.4,0.00901960784314
787.1,0.00740672922866,787.1,0.0149288166629,787.1,0.0151995117113,787.1,0.0115999084459,787.1,0.00395361257343
787.7,0.0259464408331,787.7,0.0155933470665,787.7,0.0161608300908,787.7,0.0215640497444,787.7,0.0274830243381
788.4,0.0100465400168,788.4,0.0151157396811,788.4,0.013322652018,788.4,0.0109437705043,788.4,0.00619668879225
789.1,0.0320042725261,789.1,0.0145221637293,789.1,0.0173510337987,789.1,0.0236392767224,789.1,0.0289936675059
789.7,0.0153719386587,789.7,0.014921950103,789.7,0.0142992294194,789.7,0.014239719234,789.7,0.0154131380179
790.4,0.023306630045,790.4,0.0154598306249,790.4,0.0166643778134,790.4,0.0205111772335,790.4,0.0233936064698
791.1,0.0276096742199,791.1,0.015243915465,791.1,0.0165575646601,791.1,0.0182070649271,791.1,0.0243701838712
791.7,0.00511787594415,791.7,0.0153232623789,791.7,0.0146196688792,791.7,0.00859388113222,791.7,0.00283970397498
792.4,0.0190341039139,792.4,0.015259937438,792.4,0.0156267643244,792.4,0.015567254139,792.4,0.014207675288
793.1,0.0144869153887,793.1,0.0151981383993,793.1,0.0156115053025,793.1,0.0128206301976,793.1,0.0117357137407
793.7,0.020804150454,793.7,0.0158016327153,793.7,0.0160997940032,793.7,0.0135988403143,793.7,0.0158251316091
794.4,0.022131685359,794.4,0.0158138399329,794.4,0.0169542992294,794.4,0.0175661860075,794.4,0.02130312047
795.1,0.007208361944,795.1,0.0149044022278,795.1,0.011842526894,795.1,0.00871595330739,795.1,0.00425879301137
795.7,0.0148989089799,795.7,0.0153575951781,795.7,0.0145738918135,795.7,0.0141634241245,795.7,0.0190447852293
796.4,0.0246189059281,796.4,0.0149929045548,796.4,0.0165270466163,796.4,0.0189852750439,796.4,0.0220813305867
797.1,0.0292423895628,797.1,0.0155292591745,797.1,0.0166643778134,797.1,0.0230899519341,797.1,0.031786068513
797.7,0.0117708094911,797.7,0.0153629358358,797.7,0.0176562142367,797.7,0.0106233310445,797.7,0.014360265507
798.4,0.0180575265126,798.4,0.0153301289387,798.4,0.0148638132296,798.4,0.0144075684749,798.4,0.0164812695506
799.1,0.00641489280537,799.1,0.0151386282139,799.1,0.0126512550546,799.1,0.00947890440223,799.1,0.00656290531777
799.7,0.0249851224537,799.7,0.0155880064088,799.7,0.0145128557259,799.7,0.0164217593652,799.7,0.0198992904555
800.4,0.011343556878,800.4,0.0154544899672,800.4,0.0151384756237,800.4,0.0107759212634,800.4,0.0142839703975
801.1,0.0266178377966,801.1,0.0154819562066,801.1,0.0148790722515,801.1,0.0181307698177,801.1,0.0249195086595
801.7,0.00894789044022,801.7,0.0148662546731,801.7,0.0148943312734,801.7,0.0118440527962,801.7,0.00929427023728
802.4,0.0182406347753,802.4,0.0149295796139,802.4,0.0166338597696,802.4,0.016757457847,802.4,0.015397878996
803.1,0.0270145723659,803.1,0.0154506752117,803.1,0.015977721828,803.1,0.0171694514382,803.1,0.0229816128786
803.7,0.00620126649882,803.7,0.0154346532387,803.7,0.0125597009232,803.7,0.0107606622416,803.7,0.00651712825208
804.4,0.0113740749218,804.4,0.014422980087,804.4,0.0143450064851,804.4,0.0142244602121,804.4,0.0106828412299
805.1,0.0153109025711,805.1,0.0151432059205,805.1,0.0160387579156,805.1,0.0134615091173,805.1,0.0112932021057
805.7,0.0301274128328,805.7,0.0158039215686,805.7,0.0167101548791,805.7,0.0213962005035,805.7,0.0278339818418
806.4,0.0175387197681,806.4,0.0157009231708,806.4,0.015092698558,806.4,0.0179934386206,806.4,0.0182513160906
807.1,0.0183932249943,807.1,0.0154056610971,807.1,0.0141161211566,807.1,0.0147585259785,807.1,0.0139635309377
807.7,0.016363775082,807.7,0.0152980849928,807.7,0.0126665140764,807.7,0.0137056534676,807.7,0.0144060425727
808.4,0.0145326924544,808.4,0.0154033722438,808.4,0.0131853208209,808.4,0.0131410696574,808.4,0.016130312047
809.1,0.00728465705348,809.1,0.0147098496986,809.1,0.0122392614633,809.1,0.00885328450446,809.1,0.00250400549325
809.7,0.0228336003662,809.7,0.0150623331044,809.7,0.016572823682,809.7,0.0172762645914,809.7,0.0235767147326
810.4,0.0144106202792,810.4,0.0157070267796,810.4,0.0155504692149,810.4,0.0148195620661,810.4,0.0175494010834
811.1,0.017111467155,811.1,0.0153308918898,811.1,0.0135057602808,811.1,0.0179476615549,811.1,0.0151232166018
811.7,0.0309819180591,811.7,0.0160137331197,811.7,0.0180376897841,811.7,0.0252719920653,811.7,0.0338155184253
812.4,0.00855115587091,812.4,0.0155132372015,812.4,0.0141924162661,812.4,0.0102113374533,812.4,0.00381628137636
813.1,0.0205905241474,813.1,0.0155147631037,813.1,0.0162523842222,813.1,0.0194277866789,813.1,0.0186633096818
813.7,0.0300663767453,813.7,0.0150470740826,813.7,0.0158709086748,813.7,0.0218844892042,813.7,0.0276813916228
814.4,0.013418783856,814.4,0.0155239185168,814.4,0.0137499046311,814.4,0.0120424200809,814.4,0.00953841458762
815.1,0.0103517204547,815.1,0.0152179751278,815.1,0.0129564354925,815.1,0.01275959411,815.1,0.0109727626459
815.7,0.00969558251316,815.7,0.0150043488212,815.7,0.0148943312734,815.7,0.0106691081102,815.7,0.0106981002518
816.4,0.0142122529946,816.4,0.0155696955825,816.4,0.0138567177844,816.4,0.0113557640955,816.4,0.011110093843
817.1,0.0121370260166,817.1,0.015042496376,817.1,0.0150316624704,817.1,0.0115693904021,817.1,0.00818036163882
817.7,0.0189425497826,817.7,0.0150257114519,817.7,0.0144823376822,817.7,0.0146364538033,817.7,0.0167711909667
818.4,0.0366887922484,818.4,0.0153423361563,818.4,0.0186938277256,818.4,0.0231662470436,818.4,0.0276661326009
819.1,0.0101075761044,819.1,0.0151317616541,819.1,0.0144365606165,819.1,0.00947890440223,819.1,0.00898908979934
819.7,0.02374914168,819.7,0.0150074006256,819.7,0.0172289616236,819.7,0.0179171435111,819.7,0.0202044708934
820.4,0.019461356527,820.4,0.015259937438,820.4,0.0157335774777,820.4,0.0198855573358,820.4,0.0199603265431
821.1,0.0180422674907,821.1,0.0155407034409,821.1,0.0139635309377,821.1,0.0197787441825,821.1,0.0161760891127
821.7,0.0100770580606,821.7,0.0151462577249,821.7,0.0137956816968,821.7,0.0138429846647,821.7,0.00840924696727
822.4,0.0107789730678,822.4,0.0151691462577,822.4,0.0137804226749,822.4,0.00993667505913,822.4,0.0102861066606
823.1,0.0158602273594,823.1,0.0154514381628,823.1,0.0154589150835,823.1,0.0168337529564,823.1,0.0127885862516
823.7,0.0220401312276,823.7,0.0154773785,823.7,0.0149706263828,823.7,0.0170778973068,823.7,0.0155962462806
824.4,0.0138002594034,824.4,0.0155483329519,824.4,0.0151232166018,824.4,0.0163454642557,824.4,0.0136583504997
825.1,0.0117555504692,825.1,0.0153232623789,825.1,0.0167406729229,825.1,0.0147585259785,825.1,0.0100877393759
825.7,0.0243900205997,825.7,0.0154193942168,825.7,0.0145281147478,825.7,0.0188479438468,825.7,0.0262623025864
826.4,0.0102449073014,826.4,0.0146770428016,826.4,0.0141618982223,826.4,0.016894789044,826.4,0.0117204547189
827.1,0.0300358587015,827.1,0.0161274128328,827.1,0.0143755245289,827.1,0.0191989013504,827.1,0.0284748607614
827.7,0.00961928740368,827.7,0.0148807507439,827.7,0.0143450064851,827.7,0.0135378042267,827.7,0.0105302510109
828.4,0.0251834897383,828.4,0.0146434729534,828.4,0.0182665751125,828.4,0.0239291981384,828.4,0.0275440604257
829.1,0.00899366750591,829.1,0.0150859845884,829.1,0.0150011444266,829.1,0.015124742504,829.1,0.00879072251469
829.7,0.0248020141909,829.7,0.0152980849928,829.7,0.0154741741054,829.7,0.0225864042115,829.7,0.0265369649805
830.4,0.0136171511406,830.4,0.0153675135424,830.4,0.0134142061494,830.4,0.0156588082704,830.4,0.0158556496529
831.1,0.0102449073014,831.1,0.0148006408789,831.1,0.0154589150835,831.1,0.0135988403143,831.1,0.015535210193
831.7,0.015326161593,831.7,0.0156292057679,831.7,0.0150621805142,831.7,0.0161928740368,831.7,0.0114152742809
832.4,0.012381170367,832.4,0.0150295262074,832.4,0.0153063248646,832.4,0.0175814450294,832.4,0.0137041275654
833.1,0.0185610742351,833.1,0.0156452277409,833.1,0.0155504692149,833.1,0.0175356679637,833.1,0.015092698558
833.7,0.0272129396506,833.7,0.0151119249256,833.7,0.0173815518425,833.7,0.0198855573358,833.7,0.0256214236667
834.4,0.0249698634318,834.4,0.0146305027848,834.4,0.015535210193,834.4,0.0202822919051,834.4,0.0229358358129
835.1,0.0142122529946,835.1,0.0151493095293,835.1,0.0140703440909,835.1,0.0148805981537,835.1,0.00944686045624
835.7,0.0169130998703,835.7,0.015195849546,835.7,0.0170916304265,835.7,0.0142854962997,835.7,0.0175494010834
836.4,0.0110078583963,836.4,0.0152111085679,836.4,0.0145891508354,836.4,0.0115693904021,836.4,0.0101182574197
837.1,0.0215060654612,837.1,0.0149776455329,837.1,0.0140398260472,837.1,0.0188937209125,837.1,0.0203723201343
837.7,0.0217044327459,837.7,0.0154758525978,837.7,0.0148332951858,837.7,0.0196414129854,837.7,0.0208758678569
838.4,0.00395819028,838.4,0.0152256046387,838.4,0.0146196688792,838.4,0.0107759212634,838.4,0.00743266956588
839.1,0.00871900511177,839.1,0.0151828793774,839.1,0.015092698558,839.1,0.0112642099641,839.1,0.00583047226673
839.7,0.0183474479286,839.7,0.0159748226139,839.7,0.0145433737697,839.7,0.0166506446937,839.7,0.0160997940032
840.4,0.0148378728923,840.4,0.0152942702373,840.4,0.015092698558,840.4,0.0117372396429,840.4,0.0158556496529
841.1,0.0285709925994,841.1,0.0157436484321,841.1,0.0165423056382,841.1,0.0220218204013,841.1,0.0296498054475
841.7,0.0172335393301,841.7,0.0152744335088,841.7,0.0166491187915,841.7,0.0168490119783,841.7,0.0177782864118
842.4,0.0193087663081,842.4,0.0163532463569,842.4,0.0149858854047,842.4,0.0133089188983,842.4,0.0134447241932
843.1,0.0133119707027,843.1,0.0150478370336,843.1,0.0154589150835,843.1,0.0130037384604,843.1,0.0121171892882
843.7,0.0431738765545,843.7,0.015493400473,843.7,0.015535210193,843.7,0.0214114595254,843.7,0.0287953002213
844.4,0.0842664225223,844.4,0.0158893720912,844.4,0.0162218661784,844.4,0.0179476615549,844.4,0.0272846570535
845.1,0.286463721675,845.1,0.0167263294423,845.1,0.0192889295796,845.1,0.0436591134508,845.1,0.0972777904936
845.7,0.556395819028,845.7,0.0168621347372,845.7,0.0231647211414,845.7,0.0803723201343,845.7,0.212635996033
846.4,0.199319447623,846.4,0.0168598458839,846.4,0.0190447852293,846.4,0.0300175478752,846.4,0.0706050202182
847.1,0.0143953612573,847.1,0.0154651712825,847.1,0.0151537346456,847.1,0.014392309453,847.1,0.0189990081636
847.7,0.00873426413367,847.7,0.0144489204242,847.7,0.0137346456092,847.7,0.011142137789,847.7,0.00959945067521
848.4,0.00530098420691,848.4,0.015130998703,848.4,0.0165575646601,848.4,0.0123933775845,848.4,0.00947737850004
849.1,0.0221927214466,849.1,0.0153820096132,849.1,0.0149248493172,849.1,0.0209231708248,849.1,0.0219592584115
849.7,0.0263279163806,849.7,0.0153698023957,849.7,0.0167101548791,849.7,0.0193972686351,849.7,0.0261860074769
850.4,0.00850537880522,850.4,0.0144306095979,850.4,0.0135667963684,850.4,0.011584649424,850.4,0.00419775692378
851.1,0.0112672617685,851.1,0.0153957427329,851.1,0.0159624628061,851.1,0.0150331883726,851.1,0.0138261997406
851.7,0.0133119707027,851.7,0.0152065308614,851.7,0.0151537346456,851.7,0.0104554818036,851.7,0.0077836270695
852.4,0.0266483558404,852.4,0.0152729076066,852.4,0.0157030594339,852.4,0.0196261539635,852.4,0.0258503089952
853.1,0.0191561760891,853.1,0.0155323109789,853.1,0.0150011444266,853.1,0.0161776150149,853.1,0.0185870145724
853.7,0.00990920881971,853.7,0.015316395819,853.7,0.0124071107042,853.7,0.0068238345922,853.7,0.00557106889448
854.4,0.0125032425422,854.4,0.0152767223621,854.4,0.0150316624704,854.4,0.0144380865187,854.4,0.0114610513466
855.1,0.020941481651,855.1,0.0151119249256,855.1,0.0170000762951,855.1,0.0173220416571,855.1,0.0231647211414
855.7,0.0176302738994,855.7,0.0148830395972,855.7,0.0139330128939,855.7,0.0136293583581,855.7,0.013765163653
856.4,0.000479133287556,856.4,0.0151256580453,856.4,0.0150469214923,856.4,0.00757152666514,856.4,0.0027176317998
857.1,0.00641489280537,857.1,0.0152233157855,857.1,0.0168017090105,857.1,0.0126222629129,857.1,0.00210727092393
857.7,0.0192172121767,857.7,0.0153568322271,857.7,0.0160540169375,857.7,0.0181155107958,857.7,0.0204486152438
858.4,0.00421759365225,858.4,0.0149883268482,858.4,0.0136583504997,858.4,0.0108216983291,858.4,0.00773785000381
859.1,0.0216281376364,859.1,0.0152248416876,859.1,0.0147875181201,859.1,0.0168490119783,859.1,0.0202044708934
859.7,0.0199801632715,859.7,0.0149227130541,859.7,0.0122240024414,859.7,0.0170626382849,859.7,0.0185564965286
860.4,0.0150667582208,860.4,0.0150119783322,860.4,0.0130479896239,860.4,0.0131868467231,860.4,0.019822995346
861.1,0.0207888914321,861.1,0.0156147096971,861.1,0.0175799191272,861.1,0.0172915236133,861.1,0.0191973754482
861.7,-0.00144350347143,861.7,0.0150455481804,861.7,0.0113847562371,861.7,0.00336003662165,861.7,-0.000456244754711
862.4,0.0110383764401,862.4,0.0147312123293,862.4,0.0131395437552,862.4,0.0143312733654,862.4,0.00604409857328
863.1,0.0327824826429,863.1,0.015509422446,863.1,0.0156267643244,863.1,0.0236240177005,863.1,0.0296650644694
863.7,0.013266193637,863.7,0.0157878995956,863.7,0.0142381933318,863.7,0.0137361715114,863.7,0.0112169069963
864.4,0.0288303959716,864.4,0.0156871900511,864.4,0.0164812695506,864.4,0.0222049286641,864.4,0.0293141069657
865.1,0.0214297703517,865.1,0.015090562295,865.1,0.0197924773022,865.1,0.0155977721828,865.1,0.0192584115358
865.8,0.0144258793011,865.8,0.0147220569162,865.8,0.0187090867475,865.8,0.0166506446937,865.8,0.0186785687037
866.4,0.0125947966735,866.4,0.0151660944533,866.4,0.0166643778134,866.4,0.0112947280079,866.4,0.00877546349279
867.1,0.0123048752575,867.1,0.0149646753643,867.1,0.0125597009232,867.1,0.0108979934386,867.1,0.00876020447089
867.7,0.0267704280156,867.7,0.0148227664607,867.7,0.0158709086748,867.7,0.0202059967956,867.7,0.0232104982071
868.4,0.0128847180896,868.4,0.0153247882811,868.4,0.0149401083391,868.4,0.0100282291905,868.4,0.0124223697261
869.1,0.0104890516518,869.1,0.015501029984,869.1,0.014650186923,869.1,0.012027161059,869.1,0.00935530632486
869.7,0.00844434271763,869.7,0.0151821164263,869.7,0.0135362783246,869.7,0.012912184329,869.7,0.00999618524453
870.4,0.00829175249866,870.4,0.0152668039979,870.4,0.0152300297551,870.4,0.0112184328985,870.4,0.0104844739452
871.1,0.0181490806439,871.1,0.015251544976,871.1,0.0144975967041,871.1,0.0130952925917,871.1,0.0169237811856
871.7,0.015036240177,871.7,0.0154178683146,871.7,0.0141313801785,871.7,0.012027161059,871.7,0.0107743953613
872.4,0.0141054398413,872.4,0.0152744335088,872.4,0.0149248493172,872.4,0.0159182116426,872.4,0.0106981002518
873.1,0.0189272907607,873.1,0.0151172655833,873.1,0.0148943312734,873.1,0.015124742504,873.1,0.0218524452583
873.7,0.0225894560159,873.7,0.0152126344701,873.7,0.0169695582513,873.7,0.0153231097887,873.7,0.0194567788205
874.4,0.00958876935988,874.4,0.0151897459373,874.4,0.0161455710689,874.4,0.0121034561685,874.4,0.0110032806897
875.1,0.0161043717098,875.1,0.0148464179446,875.1,0.0123155565728,875.1,0.0166811627375,875.1,0.0151232166018
875.7,0.0118165865568,875.7,0.0147556267643,875.7,0.015092698558,875.7,0.0136293583581,875.7,0.0107591363394
876.4,0.0182406347753,876.4,0.0153408102541,876.4,0.0148485542077,876.4,0.0150331883726,876.4,0.0166796368353
877.1,0.0155397878996,877.1,0.0152042420081,877.1,0.0156420233463,877.1,0.0155825131609,877.1,0.0167864499886
877.7,0.0231692988479,877.7,0.0153034256504,877.7,0.0164812695506,877.7,0.0171236743725,877.7,0.0246753643091
878.4,0.00932936598764,878.4,0.015090562295,878.4,0.0159472037842,878.4,0.0124086366064,878.4,0.0078141451133
879.1,0.0110383764401,879.1,0.0152629892424,879.1,0.012437628748,879.1,0.0132478828107,879.1,0.00935530632486
879.7,0.0198123140307,879.7,0.0154407568475,879.7,0.0155962462806,879.7,0.0173983367666,879.7,0.0216998550393
880.4,0.0307530327306,880.4,0.0155811398489,880.4,0.0159624628061,880.4,0.0200991836423,880.4,0.0270252536812
881.1,0.0185915922789,881.1,0.0154598306249,881.1,0.0148180361639,881.1,0.0125154497597,881.1,0.0141313801785
881.7,0.0211703669795,881.7,0.0157566186007,881.7,0.0146044098573,881.7,0.0194583047227,881.7,0.02130312047
882.4,0.0182711528191,882.4,0.0153698023957,882.4,0.0129411764706,882.4,0.0155977721828,882.4,0.0174120698863
883.1,0.00823071641108,883.1,0.014946364538,883.1,0.0145281147478,883.1,0.0121950102998,883.1,0.0106828412299
883.7,0.0111299305715,883.7,0.0155582513161,883.7,0.0156725413901,883.7,0.0153841458762,883.7,0.00979781795987
884.4,0.0118471046006,884.4,0.0146213473716,884.4,0.0148638132296,884.4,0.0139955748836,884.4,0.0104386968795
885.1,0.00559090562295,885.1,0.0149227130541,885.1,0.0140093080034,885.1,0.00665598535134,885.1,0.000962844281682
885.7,0.0180270084688,885.7,0.0152454413672,885.7,0.0154131380179,885.7,0.017642481117,885.7,0.0202807660029
886.4,0.00707103074693,886.4,0.014970016022,886.4,0.0162066071565,886.4,0.00998245212482,886.4,0.00312962539101
887.1,0.0227573052567,887.1,0.015943541619,887.1,0.0176714732586,887.1,0.017047379263,887.1,0.020997940032
887.7,0.0202090486,887.7,0.0152141603723,887.7,0.0146807049668,887.7,0.0172152285039,887.7,0.0202960250248
888.4,0.0140444037537,888.4,0.0150447852293,888.4,0.0130022125582,888.4,0.0141786831464,888.4,0.0143297474632
889.1,0.0135713740749,889.1,0.015678034638,889.1,0.0143144884413,889.1,0.0132326237888,889.1,0.0101182574197
889.7,0.0076813916228,889.7,0.0155407034409,889.7,0.0147570000763,889.7,0.0121797512779,889.7,0.00766155489433
890.4,0.00852063782712,890.4,0.0153194476234,890.4,0.0138872358282,890.4,0.0121492332341,890.4,0.00625772487984
891.1,0.0156466010529,891.1,0.0155262073701,891.1,0.0157640955215,891.1,0.0161928740368,891.1,0.0155809872587
891.7,0.0144106202792,891.7,0.0160312809949,891.7,0.0150164034485,891.7,0.0131258106355,891.7,0.016862745098
892.4,0.0102143892576,892.4,0.0154705119402,892.4,0.0131548027771,892.4,0.0116762035554,892.4,0.00489967193103
893.1,0.0110841535058,893.1,0.0156223392081,893.1,0.014802777142,893.1,0.0139803158618,893.1,0.0151079575799
893.7,0.0324925612268,893.7,0.0158741130694,893.7,0.0160387579156,893.7,0.0239597161822,893.7,0.0309163042649
894.4,0.0121522850385,894.4,0.0146350804913,894.4,0.0155504692149,894.4,0.0119203479057,894.4,0.0114915693904
895.1,0.0246494239719,895.1,0.0154384679942,895.1,0.0143450064851,895.1,0.0205722133211,895.1,0.0272693980316
895.7,0.01932402533,895.7,0.0154087129015,895.7,0.0153673609522,895.7,0.020587472343,895.7,0.0165423056382
896.4,0.00273746852827,896.4,0.015291981384,896.4,0.0122697795071,896.4,0.00856336308843,896.4,0.00383154039826
897.1,0.00774242771038,897.1,0.0146915388724,897.1,0.0174425879301,897.1,0.0130800335698,897.1,0.00924849317159
897.7,0.0213687342641,897.7,0.0154735637446,897.7,0.0160692759594,897.7,0.0185122453651,897.7,0.0232562752728
898.4,0.00862745098039,898.4,0.0151973754482,898.4,0.0168017090105,898.4,0.0144228274968,898.4,0.0135667963684
899.1,0.00542305638209,899.1,0.0151523613336,899.1,0.0128191042954,899.1,0.00989089799344,899.1,0.00572365911345
899.7,0.0268009460594,899.7,0.0157634851606,899.7,0.017457846952,899.7,0.02458533608,899.7,0.0266590371557
